,SP500
1995-01-03,459.11
1995-01-04,460.71
1995-01-05,460.34
1995-01-06,460.68
1995-01-09,460.83
1995-01-10,461.68
1995-01-11,461.66
1995-01-12,461.64
1995-01-13,465.97
1995-01-16,469.38
1995-01-17,470.05
1995-01-18,469.72
1995-01-19,466.95
1995-01-20,464.78
1995-01-23,465.81
1995-01-24,465.86
1995-01-25,467.44
1995-01-26,468.32
1995-01-27,470.39
1995-01-30,468.51
1995-01-31,470.42
1995-02-01,470.40
1995-02-02,472.78
1995-02-03,478.64
1995-02-06,481.14
1995-02-07,480.81
1995-02-08,481.19
1995-02-09,480.19
1995-02-10,481.46
1995-02-13,481.65
1995-02-14,482.55
1995-02-15,484.54
1995-02-16,485.22
1995-02-17,481.97
1995-02-21,482.74
1995-02-22,485.07
1995-02-23,486.91
1995-02-24,488.11
1995-02-27,483.81
1995-02-28,487.39
1995-03-01,485.65
1995-03-02,485.13
1995-03-03,485.42
1995-03-06,485.63
1995-03-07,482.12
1995-03-08,483.14
1995-03-09,483.16
1995-03-10,489.57
1995-03-13,490.05
1995-03-14,492.89
1995-03-15,491.88
1995-03-16,495.41
1995-03-17,495.52
1995-03-20,496.15
1995-03-21,495.07
1995-03-22,495.67
1995-03-23,495.95
1995-03-24,500.97
1995-03-27,503.20
1995-03-28,503.90
1995-03-29,503.12
1995-03-30,502.22
1995-03-31,500.71
1995-04-03,501.85
1995-04-04,505.24
1995-04-05,505.57
1995-04-06,506.08
1995-04-07,506.42
1995-04-10,507.01
1995-04-11,505.53
1995-04-12,507.17
1995-04-13,509.23
1995-04-17,506.13
1995-04-18,505.37
1995-04-19,504.92
1995-04-20,505.29
1995-04-21,508.49
1995-04-24,512.89
1995-04-25,512.10
1995-04-26,512.66
1995-04-27,513.55
1995-04-28,514.71
1995-05-01,514.26
1995-05-02,514.86
1995-05-03,520.48
1995-05-04,520.54
1995-05-05,520.12
1995-05-08,523.96
1995-05-09,523.56
1995-05-10,524.36
1995-05-11,524.37
1995-05-12,525.55
1995-05-15,527.74
1995-05-16,528.19
1995-05-17,527.07
1995-05-18,519.58
1995-05-19,519.19
1995-05-22,523.65
1995-05-23,528.59
1995-05-24,528.61
1995-05-25,528.59
1995-05-26,523.65
1995-05-30,523.58
1995-05-31,533.40
1995-06-01,533.49
1995-06-02,532.51
1995-06-05,535.60
1995-06-06,535.55
1995-06-07,533.13
1995-06-08,532.35
1995-06-09,527.94
1995-06-12,530.88
1995-06-13,536.05
1995-06-14,536.47
1995-06-15,537.12
1995-06-16,539.83
1995-06-19,545.22
1995-06-20,544.98
1995-06-21,543.98
1995-06-22,551.07
1995-06-23,549.71
1995-06-26,544.13
1995-06-27,542.43
1995-06-28,544.73
1995-06-29,543.87
1995-06-30,544.75
1995-07-03,547.09
1995-07-05,547.26
1995-07-06,553.99
1995-07-07,556.37
1995-07-10,557.19
1995-07-11,554.78
1995-07-12,560.89
1995-07-13,561.00
1995-07-14,559.89
1995-07-17,562.72
1995-07-18,558.46
1995-07-19,550.98
1995-07-20,553.54
1995-07-21,553.62
1995-07-24,556.63
1995-07-25,561.10
1995-07-26,561.61
1995-07-27,565.22
1995-07-28,562.93
1995-07-31,562.06
1995-08-01,559.64
1995-08-02,558.80
1995-08-03,558.75
1995-08-04,558.94
1995-08-07,560.03
1995-08-08,560.39
1995-08-09,559.71
1995-08-10,557.45
1995-08-11,555.11
1995-08-14,559.74
1995-08-15,558.57
1995-08-16,559.97
1995-08-17,559.04
1995-08-18,559.21
1995-08-21,558.11
1995-08-22,559.52
1995-08-23,557.14
1995-08-24,557.46
1995-08-25,560.10
1995-08-28,559.05
1995-08-29,560.00
1995-08-30,560.92
1995-08-31,561.88
1995-09-01,563.84
1995-09-05,569.17
1995-09-06,570.17
1995-09-07,570.29
1995-09-08,572.68
1995-09-11,573.91
1995-09-12,576.51
1995-09-13,578.77
1995-09-14,583.61
1995-09-15,583.35
1995-09-18,582.77
1995-09-19,584.20
1995-09-20,586.77
1995-09-21,583.00
1995-09-22,581.73
1995-09-25,581.81
1995-09-26,581.41
1995-09-27,581.04
1995-09-28,585.87
1995-09-29,584.41
1995-10-02,581.72
1995-10-03,582.34
1995-10-04,581.47
1995-10-05,582.63
1995-10-06,582.49
1995-10-09,578.37
1995-10-10,577.52
1995-10-11,579.46
1995-10-12,583.10
1995-10-13,584.50
1995-10-16,583.03
1995-10-17,586.78
1995-10-18,587.44
1995-10-19,590.65
1995-10-20,587.46
1995-10-23,585.06
1995-10-24,586.54
1995-10-25,582.47
1995-10-26,576.72
1995-10-27,579.70
1995-10-30,583.25
1995-10-31,581.50
1995-11-01,584.22
1995-11-02,589.72
1995-11-03,590.57
1995-11-06,588.46
1995-11-07,586.32
1995-11-08,591.71
1995-11-09,593.26
1995-11-10,592.72
1995-11-13,592.30
1995-11-14,589.29
1995-11-15,593.96
1995-11-16,597.34
1995-11-17,600.07
1995-11-20,596.85
1995-11-21,600.24
1995-11-22,598.40
1995-11-24,599.97
1995-11-27,601.32
1995-11-28,606.45
1995-11-29,607.64
1995-11-30,605.37
1995-12-01,606.98
1995-12-04,613.68
1995-12-05,617.68
1995-12-06,620.18
1995-12-07,616.17
1995-12-08,617.48
1995-12-11,619.52
1995-12-12,618.78
1995-12-13,621.69
1995-12-14,616.92
1995-12-15,616.34
1995-12-18,606.81
1995-12-19,611.93
1995-12-20,605.94
1995-12-21,610.49
1995-12-22,611.96
1995-12-26,614.30
1995-12-27,614.53
1995-12-28,614.12
1995-12-29,615.93
1996-01-02,620.73
1996-01-03,621.32
1996-01-04,617.70
1996-01-05,616.71
1996-01-08,618.46
1996-01-09,609.45
1996-01-10,598.48
1996-01-11,602.69
1996-01-12,601.81
1996-01-15,599.82
1996-01-16,608.44
1996-01-17,606.37
1996-01-18,608.24
1996-01-19,611.83
1996-01-22,613.40
1996-01-23,612.79
1996-01-24,619.96
1996-01-25,617.03
1996-01-26,621.62
1996-01-29,624.22
1996-01-30,630.15
1996-01-31,636.02
1996-02-01,638.46
1996-02-02,635.84
1996-02-05,641.43
1996-02-06,646.33
1996-02-07,649.93
1996-02-08,656.07
1996-02-09,656.37
1996-02-12,661.45
1996-02-13,660.51
1996-02-14,655.58
1996-02-15,651.32
1996-02-16,647.98
1996-02-20,640.65
1996-02-21,648.10
1996-02-22,658.86
1996-02-23,659.08
1996-02-26,650.46
1996-02-27,647.24
1996-02-28,644.75
1996-02-29,640.43
1996-03-01,644.37
1996-03-04,650.81
1996-03-05,655.79
1996-03-06,652.00
1996-03-07,653.65
1996-03-08,633.50
1996-03-11,640.02
1996-03-12,637.09
1996-03-13,638.55
1996-03-14,640.87
1996-03-15,641.43
1996-03-18,652.65
1996-03-19,651.69
1996-03-20,649.98
1996-03-21,649.19
1996-03-22,650.62
1996-03-25,650.04
1996-03-26,652.97
1996-03-27,648.91
1996-03-28,648.94
1996-03-29,645.50
1996-04-01,653.73
1996-04-02,655.26
1996-04-03,655.88
1996-04-04,655.86
1996-04-08,644.24
1996-04-09,642.19
1996-04-10,633.50
1996-04-11,631.18
1996-04-12,636.71
1996-04-15,642.49
1996-04-16,645.00
1996-04-17,641.61
1996-04-18,643.61
1996-04-19,645.07
1996-04-22,647.89
1996-04-23,651.58
1996-04-24,650.17
1996-04-25,652.87
1996-04-26,653.46
1996-04-29,654.16
1996-04-30,654.17
1996-05-01,654.58
1996-05-02,643.38
1996-05-03,641.63
1996-05-06,640.81
1996-05-07,638.26
1996-05-08,644.77
1996-05-09,645.44
1996-05-10,652.09
1996-05-13,661.51
1996-05-14,665.60
1996-05-15,665.42
1996-05-16,664.85
1996-05-17,668.91
1996-05-20,673.15
1996-05-21,672.76
1996-05-22,678.42
1996-05-23,676.00
1996-05-24,678.51
1996-05-28,672.23
1996-05-29,667.93
1996-05-30,671.70
1996-05-31,669.12
1996-06-03,667.68
1996-06-04,672.56
1996-06-05,678.44
1996-06-06,673.03
1996-06-07,673.31
1996-06-10,672.16
1996-06-11,670.97
1996-06-12,669.04
1996-06-13,667.92
1996-06-14,665.85
1996-06-17,665.16
1996-06-18,662.06
1996-06-19,661.96
1996-06-20,662.10
1996-06-21,666.84
1996-06-24,668.85
1996-06-25,668.48
1996-06-26,664.39
1996-06-27,668.55
1996-06-28,670.63
1996-07-01,675.88
1996-07-02,673.61
1996-07-03,672.40
1996-07-05,657.44
1996-07-08,652.54
1996-07-09,654.75
1996-07-10,656.06
1996-07-11,645.67
1996-07-12,646.19
1996-07-15,629.80
1996-07-16,628.37
1996-07-17,634.07
1996-07-18,643.56
1996-07-19,638.73
1996-07-22,633.77
1996-07-23,626.87
1996-07-24,626.65
1996-07-25,631.17
1996-07-26,635.90
1996-07-29,630.91
1996-07-30,635.26
1996-07-31,639.95
1996-08-01,650.02
1996-08-02,662.49
1996-08-05,660.23
1996-08-06,662.38
1996-08-07,664.16
1996-08-08,662.59
1996-08-09,662.10
1996-08-12,665.77
1996-08-13,660.20
1996-08-14,662.05
1996-08-15,662.28
1996-08-16,665.21
1996-08-19,666.58
1996-08-20,665.69
1996-08-21,665.07
1996-08-22,670.68
1996-08-23,667.03
1996-08-26,663.88
1996-08-27,666.40
1996-08-28,664.81
1996-08-29,657.40
1996-08-30,651.99
1996-09-03,654.72
1996-09-04,655.61
1996-09-05,649.44
1996-09-06,655.68
1996-09-09,663.76
1996-09-10,663.81
1996-09-11,667.28
1996-09-12,671.15
1996-09-13,680.54
1996-09-16,683.98
1996-09-17,682.94
1996-09-18,681.47
1996-09-19,683.00
1996-09-20,687.03
1996-09-23,686.48
1996-09-24,685.61
1996-09-25,685.83
1996-09-26,685.86
1996-09-27,686.19
1996-09-30,687.31
1996-10-01,689.08
1996-10-02,694.01
1996-10-03,692.78
1996-10-04,701.46
1996-10-07,703.34
1996-10-08,700.64
1996-10-09,696.74
1996-10-10,694.61
1996-10-11,700.66
1996-10-14,703.54
1996-10-15,702.57
1996-10-16,704.41
1996-10-17,706.99
1996-10-18,710.82
1996-10-21,709.85
1996-10-22,706.57
1996-10-23,707.27
1996-10-24,702.29
1996-10-25,700.92
1996-10-28,697.26
1996-10-29,701.50
1996-10-30,700.90
1996-10-31,705.27
1996-11-01,703.77
1996-11-04,706.73
1996-11-05,714.14
1996-11-06,724.59
1996-11-07,727.65
1996-11-08,730.82
1996-11-11,731.87
1996-11-12,729.56
1996-11-13,731.13
1996-11-14,735.88
1996-11-15,737.62
1996-11-18,737.02
1996-11-19,742.16
1996-11-20,743.95
1996-11-21,742.75
1996-11-22,748.73
1996-11-25,757.03
1996-11-26,755.96
1996-11-27,755.00
1996-11-29,757.02
1996-12-02,756.56
1996-12-03,748.28
1996-12-04,745.10
1996-12-05,744.38
1996-12-06,739.60
1996-12-09,749.81
1996-12-10,747.54
1996-12-11,740.73
1996-12-12,729.33
1996-12-13,728.64
1996-12-16,720.98
1996-12-17,726.04
1996-12-18,731.54
1996-12-19,745.76
1996-12-20,748.87
1996-12-23,746.92
1996-12-24,751.03
1996-12-26,755.82
1996-12-27,756.79
1996-12-30,753.85
1996-12-31,740.74
1997-01-02,737.01
1997-01-03,748.03
1997-01-06,747.65
1997-01-07,753.23
1997-01-08,748.41
1997-01-09,754.85
1997-01-10,759.50
1997-01-13,759.51
1997-01-14,768.86
1997-01-15,767.20
1997-01-16,769.75
1997-01-17,776.17
1997-01-20,776.70
1997-01-21,782.72
1997-01-22,786.23
1997-01-23,777.56
1997-01-24,770.52
1997-01-27,765.02
1997-01-28,765.02
1997-01-29,772.50
1997-01-30,784.17
1997-01-31,786.16
1997-02-03,786.73
1997-02-04,789.26
1997-02-05,778.28
1997-02-06,780.15
1997-02-07,789.56
1997-02-10,785.43
1997-02-11,789.59
1997-02-12,802.77
1997-02-13,811.82
1997-02-14,808.48
1997-02-18,816.29
1997-02-19,812.49
1997-02-20,802.80
1997-02-21,801.77
1997-02-24,810.28
1997-02-25,812.10
1997-02-26,805.68
1997-02-27,795.07
1997-02-28,790.82
1997-03-03,795.31
1997-03-04,790.95
1997-03-05,801.99
1997-03-06,798.56
1997-03-07,804.97
1997-03-10,813.65
1997-03-11,811.34
1997-03-12,804.26
1997-03-13,789.56
1997-03-14,793.17
1997-03-17,795.71
1997-03-18,789.66
1997-03-19,785.77
1997-03-20,782.65
1997-03-21,784.10
1997-03-24,790.89
1997-03-25,789.07
1997-03-26,790.50
1997-03-27,773.88
1997-03-31,757.12
1997-04-01,759.64
1997-04-02,750.11
1997-04-03,750.32
1997-04-04,757.90
1997-04-07,762.13
1997-04-08,766.12
1997-04-09,760.60
1997-04-10,758.34
1997-04-11,737.65
1997-04-14,743.73
1997-04-15,754.72
1997-04-16,763.53
1997-04-17,761.77
1997-04-18,766.34
1997-04-21,760.37
1997-04-22,774.61
1997-04-23,773.64
1997-04-24,771.18
1997-04-25,765.37
1997-04-28,772.96
1997-04-29,794.05
1997-04-30,801.34
1997-05-01,798.53
1997-05-02,812.97
1997-05-05,830.24
1997-05-06,827.76
1997-05-07,815.62
1997-05-08,820.26
1997-05-09,824.78
1997-05-12,837.66
1997-05-13,833.13
1997-05-14,836.04
1997-05-15,841.88
1997-05-16,829.75
1997-05-19,833.27
1997-05-20,841.66
1997-05-21,839.35
1997-05-22,835.66
1997-05-23,847.03
1997-05-27,849.71
1997-05-28,847.21
1997-05-29,844.08
1997-05-30,848.28
1997-06-02,846.36
1997-06-03,845.48
1997-06-04,840.11
1997-06-05,843.43
1997-06-06,858.01
1997-06-09,862.91
1997-06-10,865.27
1997-06-11,869.57
1997-06-12,883.48
1997-06-13,893.27
1997-06-16,893.90
1997-06-17,894.42
1997-06-18,889.06
1997-06-19,897.99
1997-06-20,898.70
1997-06-23,878.62
1997-06-24,896.34
1997-06-25,888.99
1997-06-26,883.68
1997-06-27,887.30
1997-06-30,885.14
1997-07-01,891.03
1997-07-02,904.03
1997-07-03,916.92
1997-07-07,912.20
1997-07-08,918.75
1997-07-09,907.54
1997-07-10,913.78
1997-07-11,916.68
1997-07-14,918.38
1997-07-15,925.76
1997-07-16,936.59
1997-07-17,931.61
1997-07-18,915.30
1997-07-21,912.94
1997-07-22,933.98
1997-07-23,936.56
1997-07-24,940.30
1997-07-25,938.79
1997-07-28,936.45
1997-07-29,942.29
1997-07-30,952.29
1997-07-31,954.29
1997-08-01,947.14
1997-08-04,950.30
1997-08-05,952.37
1997-08-06,960.32
1997-08-07,951.19
1997-08-08,933.54
1997-08-11,937.00
1997-08-12,926.53
1997-08-13,922.02
1997-08-14,924.77
1997-08-15,900.81
1997-08-18,912.49
1997-08-19,926.01
1997-08-20,939.35
1997-08-21,925.05
1997-08-22,923.55
1997-08-25,920.16
1997-08-26,913.02
1997-08-27,913.70
1997-08-28,903.67
1997-08-29,899.47
1997-09-02,927.58
1997-09-03,927.86
1997-09-04,930.87
1997-09-05,929.05
1997-09-08,931.20
1997-09-09,933.62
1997-09-10,919.03
1997-09-11,912.59
1997-09-12,923.91
1997-09-15,919.77
1997-09-16,945.64
1997-09-17,943.00
1997-09-18,947.29
1997-09-19,950.51
1997-09-22,955.43
1997-09-23,951.93
1997-09-24,944.48
1997-09-25,937.91
1997-09-26,945.22
1997-09-29,953.34
1997-09-30,947.28
1997-10-01,955.41
1997-10-02,960.46
1997-10-03,965.03
1997-10-06,972.69
1997-10-07,983.12
1997-10-08,973.84
1997-10-09,970.62
1997-10-10,966.98
1997-10-13,968.10
1997-10-14,970.28
1997-10-15,965.72
1997-10-16,955.23
1997-10-17,944.16
1997-10-20,955.61
1997-10-21,972.28
1997-10-22,968.49
1997-10-23,950.69
1997-10-24,941.64
1997-10-27,876.99
1997-10-28,921.85
1997-10-29,919.16
1997-10-30,903.68
1997-10-31,914.62
1997-11-03,938.99
1997-11-04,940.76
1997-11-05,942.76
1997-11-06,938.03
1997-11-07,927.51
1997-11-10,921.13
1997-11-11,923.78
1997-11-12,905.96
1997-11-13,916.66
1997-11-14,928.35
1997-11-17,946.20
1997-11-18,938.23
1997-11-19,944.59
1997-11-20,958.98
1997-11-21,963.09
1997-11-24,946.67
1997-11-25,950.82
1997-11-26,951.64
1997-11-28,955.40
1997-12-01,974.78
1997-12-02,971.68
1997-12-03,976.77
1997-12-04,973.10
1997-12-05,983.79
1997-12-08,982.37
1997-12-09,975.78
1997-12-10,969.79
1997-12-11,954.94
1997-12-12,953.39
1997-12-15,963.39
1997-12-16,968.04
1997-12-17,965.54
1997-12-18,955.30
1997-12-19,946.78
1997-12-22,953.70
1997-12-23,939.13
1997-12-24,932.70
1997-12-26,936.46
1997-12-29,953.35
1997-12-30,970.84
1997-12-31,970.43
1998-01-02,975.04
1998-01-05,977.07
1998-01-06,966.58
1998-01-07,964.00
1998-01-08,956.05
1998-01-09,927.69
1998-01-12,939.21
1998-01-13,952.12
1998-01-14,957.94
1998-01-15,950.73
1998-01-16,961.51
1998-01-20,978.60
1998-01-21,970.81
1998-01-22,963.04
1998-01-23,957.59
1998-01-26,956.95
1998-01-27,969.02
1998-01-28,977.46
1998-01-29,985.49
1998-01-30,980.28
1998-02-02,1001.27
1998-02-03,1006.00
1998-02-04,1006.90
1998-02-05,1003.54
1998-02-06,1012.46
1998-02-09,1010.74
1998-02-10,1019.01
1998-02-11,1020.01
1998-02-12,1024.14
1998-02-13,1020.09
1998-02-17,1022.76
1998-02-18,1032.08
1998-02-19,1028.28
1998-02-20,1034.21
1998-02-23,1038.14
1998-02-24,1030.56
1998-02-25,1042.90
1998-02-26,1048.67
1998-02-27,1049.34
1998-03-02,1047.70
1998-03-03,1052.02
1998-03-04,1047.33
1998-03-05,1035.05
1998-03-06,1055.69
1998-03-09,1052.31
1998-03-10,1064.25
1998-03-11,1068.47
1998-03-12,1069.92
1998-03-13,1068.61
1998-03-16,1079.27
1998-03-17,1080.45
1998-03-18,1085.52
1998-03-19,1089.74
1998-03-20,1099.16
1998-03-23,1095.55
1998-03-24,1105.65
1998-03-25,1101.93
1998-03-26,1100.80
1998-03-27,1095.44
1998-03-30,1093.55
1998-03-31,1101.75
1998-04-01,1108.15
1998-04-02,1120.01
1998-04-03,1122.70
1998-04-06,1121.38
1998-04-07,1109.54
1998-04-08,1101.65
1998-04-09,1110.67
1998-04-13,1109.69
1998-04-14,1115.75
1998-04-15,1119.32
1998-04-16,1108.17
1998-04-17,1122.72
1998-04-20,1123.65
1998-04-21,1126.67
1998-04-22,1130.54
1998-04-23,1119.58
1998-04-24,1107.90
1998-04-27,1086.54
1998-04-28,1085.11
1998-04-29,1094.63
1998-04-30,1111.75
1998-05-01,1121.00
1998-05-04,1122.07
1998-05-05,1115.50
1998-05-06,1104.92
1998-05-07,1095.14
1998-05-08,1108.14
1998-05-11,1106.64
1998-05-12,1115.79
1998-05-13,1118.86
1998-05-14,1117.37
1998-05-15,1108.73
1998-05-18,1105.82
1998-05-19,1109.52
1998-05-20,1119.06
1998-05-21,1114.64
1998-05-22,1110.47
1998-05-26,1094.02
1998-05-27,1092.23
1998-05-28,1097.60
1998-05-29,1090.82
1998-06-01,1090.98
1998-06-02,1093.22
1998-06-03,1082.73
1998-06-04,1094.83
1998-06-05,1113.86
1998-06-08,1115.72
1998-06-09,1118.41
1998-06-10,1112.28
1998-06-11,1094.58
1998-06-12,1098.84
1998-06-15,1077.01
1998-06-16,1087.59
1998-06-17,1107.11
1998-06-18,1106.37
1998-06-19,1100.65
1998-06-22,1103.21
1998-06-23,1119.49
1998-06-24,1132.88
1998-06-25,1129.28
1998-06-26,1133.20
1998-06-29,1138.49
1998-06-30,1133.84
1998-07-01,1148.56
1998-07-02,1146.42
1998-07-06,1157.33
1998-07-07,1154.66
1998-07-08,1166.38
1998-07-09,1158.56
1998-07-10,1164.33
1998-07-13,1165.19
1998-07-14,1177.58
1998-07-15,1174.81
1998-07-16,1183.99
1998-07-17,1186.75
1998-07-20,1184.10
1998-07-21,1165.07
1998-07-22,1164.08
1998-07-23,1139.75
1998-07-24,1140.80
1998-07-27,1147.27
1998-07-28,1130.24
1998-07-29,1125.21
1998-07-30,1142.95
1998-07-31,1120.67
1998-08-03,1112.44
1998-08-04,1072.12
1998-08-05,1081.43
1998-08-06,1089.63
1998-08-07,1089.45
1998-08-10,1083.14
1998-08-11,1068.98
1998-08-12,1084.22
1998-08-13,1074.91
1998-08-14,1062.75
1998-08-17,1083.67
1998-08-18,1101.20
1998-08-19,1098.06
1998-08-20,1091.60
1998-08-21,1081.24
1998-08-24,1088.14
1998-08-25,1092.85
1998-08-26,1084.19
1998-08-27,1042.59
1998-08-28,1027.14
1998-08-31,957.28
1998-09-01,994.26
1998-09-02,990.47
1998-09-03,982.26
1998-09-04,973.89
1998-09-08,1023.46
1998-09-09,1006.20
1998-09-10,980.19
1998-09-11,1009.06
1998-09-14,1029.72
1998-09-15,1037.68
1998-09-16,1045.48
1998-09-17,1018.87
1998-09-18,1020.09
1998-09-21,1023.89
1998-09-22,1029.63
1998-09-23,1066.09
1998-09-24,1042.72
1998-09-25,1044.75
1998-09-28,1048.69
1998-09-29,1049.02
1998-09-30,1017.01
1998-10-01,986.39
1998-10-02,1002.60
1998-10-05,988.56
1998-10-06,984.59
1998-10-07,970.68
1998-10-08,959.44
1998-10-09,984.39
1998-10-12,997.71
1998-10-13,994.80
1998-10-14,1005.53
1998-10-15,1047.49
1998-10-16,1056.42
1998-10-19,1062.39
1998-10-20,1063.93
1998-10-21,1069.92
1998-10-22,1078.48
1998-10-23,1070.67
1998-10-26,1072.32
1998-10-27,1065.34
1998-10-28,1068.09
1998-10-29,1085.93
1998-10-30,1098.67
1998-11-02,1111.60
1998-11-03,1110.84
1998-11-04,1118.67
1998-11-05,1133.85
1998-11-06,1141.01
1998-11-09,1130.20
1998-11-10,1128.26
1998-11-11,1120.97
1998-11-12,1117.69
1998-11-13,1125.72
1998-11-16,1135.87
1998-11-17,1139.32
1998-11-18,1144.48
1998-11-19,1152.61
1998-11-20,1163.55
1998-11-23,1188.21
1998-11-24,1182.99
1998-11-25,1186.87
1998-11-27,1192.33
1998-11-30,1163.63
1998-12-01,1175.28
1998-12-02,1171.25
1998-12-03,1150.14
1998-12-04,1176.74
1998-12-07,1187.70
1998-12-08,1181.38
1998-12-09,1183.49
1998-12-10,1165.02
1998-12-11,1166.46
1998-12-14,1141.20
1998-12-15,1162.83
1998-12-16,1161.94
1998-12-17,1179.98
1998-12-18,1188.03
1998-12-21,1202.84
1998-12-22,1203.57
1998-12-23,1228.54
1998-12-24,1226.27
1998-12-28,1225.49
1998-12-29,1241.81
1998-12-30,1231.93
1998-12-31,1229.23
1999-01-04,1228.10
1999-01-05,1244.78
1999-01-06,1272.34
1999-01-07,1269.73
1999-01-08,1275.09
1999-01-11,1263.88
1999-01-12,1239.51
1999-01-13,1234.40
1999-01-14,1212.19
1999-01-15,1243.26
1999-01-19,1252.00
1999-01-20,1256.62
1999-01-21,1235.16
1999-01-22,1225.19
1999-01-25,1233.98
1999-01-26,1252.31
1999-01-27,1243.17
1999-01-28,1265.37
1999-01-29,1279.64
1999-02-01,1273.00
1999-02-02,1261.99
1999-02-03,1272.07
1999-02-04,1248.49
1999-02-05,1239.40
1999-02-08,1243.77
1999-02-09,1216.14
1999-02-10,1223.55
1999-02-11,1254.04
1999-02-12,1230.13
1999-02-16,1241.87
1999-02-17,1224.03
1999-02-18,1237.28
1999-02-19,1239.22
1999-02-22,1272.14
1999-02-23,1271.18
1999-02-24,1253.41
1999-02-25,1245.02
1999-02-26,1238.33
1999-03-01,1236.16
1999-03-02,1225.50
1999-03-03,1227.70
1999-03-04,1246.64
1999-03-05,1275.47
1999-03-08,1282.73
1999-03-09,1279.84
1999-03-10,1286.84
1999-03-11,1297.68
1999-03-12,1294.59
1999-03-15,1307.26
1999-03-16,1306.38
1999-03-17,1297.82
1999-03-18,1316.55
1999-03-19,1299.29
1999-03-22,1297.01
1999-03-23,1262.14
1999-03-24,1268.59
1999-03-25,1289.99
1999-03-26,1282.80
1999-03-29,1310.17
1999-03-30,1300.75
1999-03-31,1286.37
1999-04-01,1293.72
1999-04-05,1321.12
1999-04-06,1317.89
1999-04-07,1326.89
1999-04-08,1343.98
1999-04-09,1348.35
1999-04-12,1358.64
1999-04-13,1349.82
1999-04-14,1328.44
1999-04-15,1322.86
1999-04-16,1319.00
1999-04-19,1289.48
1999-04-20,1306.17
1999-04-21,1336.12
1999-04-22,1358.82
1999-04-23,1356.85
1999-04-26,1360.04
1999-04-27,1362.80
1999-04-28,1350.91
1999-04-29,1342.83
1999-04-30,1335.18
1999-05-03,1354.63
1999-05-04,1332.00
1999-05-05,1347.31
1999-05-06,1332.05
1999-05-07,1345.00
1999-05-10,1340.30
1999-05-11,1355.61
1999-05-12,1364.00
1999-05-13,1367.56
1999-05-14,1337.80
1999-05-17,1339.49
1999-05-18,1333.32
1999-05-19,1344.23
1999-05-20,1338.83
1999-05-21,1330.29
1999-05-24,1306.65
1999-05-25,1284.40
1999-05-26,1304.76
1999-05-27,1281.41
1999-05-28,1301.84
1999-06-01,1294.26
1999-06-02,1294.81
1999-06-03,1299.54
1999-06-04,1327.75
1999-06-07,1334.52
1999-06-08,1317.33
1999-06-09,1318.64
1999-06-10,1302.82
1999-06-11,1293.64
1999-06-14,1294.00
1999-06-15,1301.16
1999-06-16,1330.41
1999-06-17,1339.90
1999-06-18,1342.84
1999-06-21,1349.00
1999-06-22,1335.88
1999-06-23,1333.06
1999-06-24,1315.78
1999-06-25,1315.31
1999-06-28,1331.35
1999-06-29,1351.45
1999-06-30,1372.71
1999-07-01,1380.96
1999-07-02,1391.22
1999-07-06,1388.12
1999-07-07,1395.86
1999-07-08,1394.42
1999-07-09,1403.28
1999-07-12,1399.10
1999-07-13,1393.56
1999-07-14,1398.17
1999-07-15,1409.62
1999-07-16,1418.78
1999-07-19,1407.65
1999-07-20,1377.10
1999-07-21,1379.29
1999-07-22,1360.97
1999-07-23,1356.94
1999-07-26,1347.76
1999-07-27,1362.84
1999-07-28,1365.40
1999-07-29,1341.03
1999-07-30,1328.72
1999-08-02,1328.05
1999-08-03,1322.18
1999-08-04,1305.33
1999-08-05,1313.71
1999-08-06,1300.29
1999-08-09,1297.80
1999-08-10,1281.43
1999-08-11,1301.93
1999-08-12,1298.16
1999-08-13,1327.68
1999-08-16,1330.77
1999-08-17,1344.16
1999-08-18,1332.84
1999-08-19,1323.59
1999-08-20,1336.61
1999-08-23,1360.22
1999-08-24,1363.50
1999-08-25,1381.79
1999-08-26,1362.01
1999-08-27,1348.27
1999-08-30,1324.02
1999-08-31,1320.41
1999-09-01,1331.07
1999-09-02,1319.11
1999-09-03,1357.24
1999-09-07,1350.45
1999-09-08,1344.15
1999-09-09,1347.66
1999-09-10,1351.66
1999-09-13,1344.13
1999-09-14,1336.29
1999-09-15,1317.97
1999-09-16,1318.48
1999-09-17,1335.42
1999-09-20,1335.53
1999-09-21,1307.58
1999-09-22,1310.51
1999-09-23,1280.41
1999-09-24,1277.36
1999-09-27,1283.31
1999-09-28,1282.20
1999-09-29,1268.37
1999-09-30,1282.71
1999-10-01,1282.81
1999-10-04,1304.60
1999-10-05,1301.35
1999-10-06,1325.40
1999-10-07,1317.64
1999-10-08,1336.02
1999-10-11,1335.21
1999-10-12,1313.04
1999-10-13,1285.55
1999-10-14,1283.42
1999-10-15,1247.41
1999-10-18,1254.13
1999-10-19,1261.32
1999-10-20,1289.43
1999-10-21,1283.61
1999-10-22,1301.65
1999-10-25,1293.63
1999-10-26,1281.91
1999-10-27,1296.71
1999-10-28,1342.44
1999-10-29,1362.93
1999-11-01,1354.12
1999-11-02,1347.74
1999-11-03,1354.93
1999-11-04,1362.64
1999-11-05,1370.23
1999-11-08,1377.01
1999-11-09,1365.28
1999-11-10,1373.46
1999-11-11,1381.46
1999-11-12,1396.06
1999-11-15,1394.39
1999-11-16,1420.07
1999-11-17,1410.71
1999-11-18,1424.94
1999-11-19,1422.00
1999-11-22,1420.94
1999-11-23,1404.64
1999-11-24,1417.08
1999-11-26,1416.62
1999-11-29,1407.83
1999-11-30,1388.91
1999-12-01,1397.72
1999-12-02,1409.04
1999-12-03,1433.30
1999-12-06,1423.33
1999-12-07,1409.17
1999-12-08,1403.88
1999-12-09,1408.11
1999-12-10,1417.04
1999-12-13,1415.22
1999-12-14,1403.17
1999-12-15,1413.32
1999-12-16,1418.78
1999-12-17,1421.03
1999-12-20,1418.09
1999-12-21,1433.43
1999-12-22,1436.13
1999-12-23,1458.34
1999-12-27,1457.10
1999-12-28,1457.66
1999-12-29,1463.46
1999-12-30,1464.47
1999-12-31,1469.25
2000-01-03,1455.22
2000-01-04,1399.42
2000-01-05,1402.11
2000-01-06,1403.45
2000-01-07,1441.47
2000-01-10,1457.60
2000-01-11,1438.56
2000-01-12,1432.25
2000-01-13,1449.68
2000-01-14,1465.15
2000-01-18,1455.14
2000-01-19,1455.90
2000-01-20,1445.57
2000-01-21,1441.36
2000-01-24,1401.53
2000-01-25,1410.03
2000-01-26,1404.09
2000-01-27,1398.56
2000-01-28,1360.16
2000-01-31,1394.46
2000-02-01,1409.28
2000-02-02,1409.12
2000-02-03,1424.97
2000-02-04,1424.37
2000-02-07,1424.24
2000-02-08,1441.72
2000-02-09,1411.70
2000-02-10,1416.83
2000-02-11,1387.12
2000-02-14,1389.94
2000-02-15,1402.05
2000-02-16,1387.67
2000-02-17,1388.26
2000-02-18,1346.09
2000-02-22,1352.17
2000-02-23,1360.69
2000-02-24,1353.43
2000-02-25,1333.36
2000-02-28,1348.05
2000-02-29,1366.42
2000-03-01,1379.19
2000-03-02,1381.76
2000-03-03,1409.17
2000-03-06,1391.28
2000-03-07,1355.62
2000-03-08,1366.70
2000-03-09,1401.69
2000-03-10,1395.07
2000-03-13,1383.62
2000-03-14,1359.15
2000-03-15,1392.15
2000-03-16,1458.47
2000-03-17,1464.47
2000-03-20,1456.63
2000-03-21,1493.87
2000-03-22,1500.64
2000-03-23,1527.35
2000-03-24,1527.46
2000-03-27,1523.86
2000-03-28,1507.73
2000-03-29,1508.52
2000-03-30,1487.92
2000-03-31,1498.58
2000-04-03,1505.97
2000-04-04,1494.73
2000-04-05,1487.37
2000-04-06,1501.34
2000-04-07,1516.35
2000-04-10,1504.46
2000-04-11,1500.59
2000-04-12,1467.17
2000-04-13,1440.51
2000-04-14,1356.56
2000-04-17,1401.44
2000-04-18,1441.61
2000-04-19,1427.47
2000-04-20,1434.54
2000-04-24,1429.86
2000-04-25,1477.44
2000-04-26,1460.99
2000-04-27,1464.92
2000-04-28,1452.43
2000-05-01,1468.25
2000-05-02,1446.29
2000-05-03,1415.10
2000-05-04,1409.57
2000-05-05,1432.63
2000-05-08,1424.17
2000-05-09,1412.14
2000-05-10,1383.05
2000-05-11,1407.81
2000-05-12,1420.96
2000-05-15,1452.36
2000-05-16,1466.04
2000-05-17,1447.80
2000-05-18,1437.21
2000-05-19,1406.95
2000-05-22,1400.72
2000-05-23,1373.86
2000-05-24,1399.05
2000-05-25,1381.52
2000-05-26,1378.02
2000-05-30,1422.45
2000-05-31,1420.60
2000-06-01,1448.81
2000-06-02,1477.26
2000-06-05,1467.63
2000-06-06,1457.84
2000-06-07,1471.36
2000-06-08,1461.67
2000-06-09,1456.95
2000-06-12,1446.00
2000-06-13,1469.44
2000-06-14,1470.54
2000-06-15,1478.73
2000-06-16,1464.46
2000-06-19,1486.00
2000-06-20,1475.95
2000-06-21,1479.13
2000-06-22,1452.18
2000-06-23,1441.48
2000-06-26,1455.31
2000-06-27,1450.55
2000-06-28,1454.82
2000-06-29,1442.39
2000-06-30,1454.60
2000-07-03,1469.54
2000-07-05,1446.23
2000-07-06,1456.67
2000-07-07,1478.90
2000-07-10,1475.62
2000-07-11,1480.88
2000-07-12,1492.92
2000-07-13,1495.84
2000-07-14,1509.98
2000-07-17,1510.49
2000-07-18,1493.74
2000-07-19,1481.96
2000-07-20,1495.57
2000-07-21,1480.19
2000-07-24,1464.29
2000-07-25,1474.47
2000-07-26,1452.42
2000-07-27,1449.62
2000-07-28,1419.89
2000-07-31,1430.83
2000-08-01,1438.10
2000-08-02,1438.70
2000-08-03,1452.56
2000-08-04,1462.93
2000-08-07,1479.32
2000-08-08,1482.80
2000-08-09,1472.87
2000-08-10,1460.25
2000-08-11,1471.84
2000-08-14,1491.56
2000-08-15,1484.43
2000-08-16,1479.85
2000-08-17,1496.07
2000-08-18,1491.72
2000-08-21,1499.48
2000-08-22,1498.13
2000-08-23,1505.97
2000-08-24,1508.31
2000-08-25,1506.45
2000-08-28,1514.09
2000-08-29,1509.84
2000-08-30,1502.59
2000-08-31,1517.68
2000-09-01,1520.77
2000-09-05,1507.08
2000-09-06,1492.25
2000-09-07,1502.51
2000-09-08,1494.50
2000-09-11,1489.26
2000-09-12,1481.99
2000-09-13,1484.91
2000-09-14,1480.87
2000-09-15,1465.81
2000-09-18,1444.51
2000-09-19,1459.90
2000-09-20,1451.34
2000-09-21,1449.05
2000-09-22,1448.72
2000-09-25,1439.03
2000-09-26,1427.21
2000-09-27,1426.57
2000-09-28,1458.29
2000-09-29,1436.51
2000-10-02,1436.23
2000-10-03,1426.46
2000-10-04,1434.32
2000-10-05,1436.28
2000-10-06,1408.99
2000-10-09,1402.03
2000-10-10,1387.02
2000-10-11,1364.59
2000-10-12,1329.78
2000-10-13,1374.17
2000-10-16,1374.62
2000-10-17,1349.97
2000-10-18,1342.13
2000-10-19,1388.76
2000-10-20,1396.93
2000-10-23,1395.78
2000-10-24,1398.13
2000-10-25,1364.90
2000-10-26,1364.44
2000-10-27,1379.58
2000-10-30,1398.66
2000-10-31,1429.40
2000-11-01,1421.22
2000-11-02,1428.32
2000-11-03,1426.69
2000-11-06,1432.19
2000-11-07,1431.87
2000-11-08,1409.28
2000-11-09,1400.14
2000-11-10,1365.98
2000-11-13,1351.26
2000-11-14,1382.95
2000-11-15,1389.81
2000-11-16,1372.32
2000-11-17,1367.72
2000-11-20,1342.62
2000-11-21,1347.35
2000-11-22,1322.36
2000-11-24,1341.77
2000-11-27,1348.97
2000-11-28,1336.09
2000-11-29,1341.91
2000-11-30,1314.95
2000-12-01,1315.23
2000-12-04,1324.97
2000-12-05,1376.54
2000-12-06,1351.46
2000-12-07,1343.55
2000-12-08,1369.89
2000-12-11,1380.20
2000-12-12,1371.18
2000-12-13,1359.99
2000-12-14,1340.93
2000-12-15,1312.15
2000-12-18,1322.74
2000-12-19,1305.60
2000-12-20,1264.74
2000-12-21,1274.86
2000-12-22,1305.97
2000-12-26,1315.19
2000-12-27,1328.92
2000-12-28,1334.22
2000-12-29,1320.28
2001-01-02,1283.27
2001-01-03,1347.56
2001-01-04,1333.34
2001-01-05,1298.35
2001-01-08,1295.86
2001-01-09,1300.80
2001-01-10,1313.27
2001-01-11,1326.82
2001-01-12,1318.32
2001-01-16,1326.65
2001-01-17,1329.47
2001-01-18,1347.97
2001-01-19,1342.54
2001-01-22,1342.90
2001-01-23,1360.40
2001-01-24,1364.30
2001-01-25,1357.51
2001-01-26,1354.95
2001-01-29,1364.17
2001-01-30,1373.73
2001-01-31,1366.01
2001-02-01,1373.47
2001-02-02,1349.47
2001-02-05,1354.31
2001-02-06,1352.26
2001-02-07,1340.89
2001-02-08,1332.53
2001-02-09,1314.76
2001-02-12,1330.31
2001-02-13,1318.80
2001-02-14,1315.92
2001-02-15,1326.61
2001-02-16,1301.53
2001-02-20,1278.94
2001-02-21,1255.27
2001-02-22,1252.82
2001-02-23,1245.86
2001-02-26,1267.65
2001-02-27,1257.94
2001-02-28,1239.94
2001-03-01,1241.23
2001-03-02,1234.18
2001-03-05,1241.41
2001-03-06,1253.80
2001-03-07,1261.89
2001-03-08,1264.74
2001-03-09,1233.42
2001-03-12,1180.16
2001-03-13,1197.66
2001-03-14,1166.71
2001-03-15,1173.56
2001-03-16,1150.53
2001-03-19,1170.81
2001-03-20,1142.62
2001-03-21,1122.14
2001-03-22,1117.58
2001-03-23,1139.83
2001-03-26,1152.69
2001-03-27,1182.17
2001-03-28,1153.29
2001-03-29,1147.95
2001-03-30,1160.33
2001-04-02,1145.87
2001-04-03,1106.46
2001-04-04,1103.25
2001-04-05,1151.44
2001-04-06,1128.43
2001-04-09,1137.59
2001-04-10,1168.38
2001-04-11,1165.89
2001-04-12,1183.50
2001-04-16,1179.68
2001-04-17,1191.81
2001-04-18,1238.16
2001-04-19,1253.70
2001-04-20,1242.98
2001-04-23,1224.36
2001-04-24,1209.47
2001-04-25,1228.75
2001-04-26,1234.52
2001-04-27,1253.05
2001-04-30,1249.46
2001-05-01,1266.44
2001-05-02,1267.43
2001-05-03,1248.58
2001-05-04,1266.61
2001-05-07,1263.51
2001-05-08,1261.20
2001-05-09,1255.54
2001-05-10,1255.18
2001-05-11,1245.67
2001-05-14,1248.92
2001-05-15,1249.44
2001-05-16,1284.99
2001-05-17,1288.49
2001-05-18,1291.96
2001-05-21,1312.83
2001-05-22,1309.38
2001-05-23,1289.05
2001-05-24,1293.17
2001-05-25,1277.89
2001-05-29,1267.93
2001-05-30,1248.08
2001-05-31,1255.82
2001-06-01,1260.67
2001-06-04,1267.11
2001-06-05,1283.57
2001-06-06,1270.03
2001-06-07,1276.96
2001-06-08,1264.96
2001-06-11,1254.39
2001-06-12,1255.85
2001-06-13,1241.60
2001-06-14,1219.87
2001-06-15,1214.36
2001-06-18,1208.43
2001-06-19,1212.58
2001-06-20,1223.14
2001-06-21,1237.04
2001-06-22,1225.35
2001-06-25,1218.60
2001-06-26,1216.76
2001-06-27,1211.07
2001-06-28,1226.20
2001-06-29,1224.42
2001-07-02,1236.71
2001-07-03,1234.45
2001-07-05,1219.24
2001-07-06,1190.59
2001-07-09,1198.78
2001-07-10,1181.52
2001-07-11,1180.18
2001-07-12,1208.14
2001-07-13,1215.68
2001-07-16,1202.45
2001-07-17,1214.44
2001-07-18,1207.71
2001-07-19,1215.02
2001-07-20,1210.85
2001-07-23,1191.03
2001-07-24,1171.65
2001-07-25,1190.49
2001-07-26,1202.93
2001-07-27,1205.82
2001-07-30,1204.52
2001-07-31,1211.23
2001-08-01,1215.93
2001-08-02,1220.75
2001-08-03,1214.35
2001-08-06,1200.48
2001-08-07,1204.40
2001-08-08,1183.53
2001-08-09,1183.43
2001-08-10,1190.16
2001-08-13,1191.29
2001-08-14,1186.73
2001-08-15,1178.02
2001-08-16,1181.66
2001-08-17,1161.97
2001-08-20,1171.41
2001-08-21,1157.26
2001-08-22,1165.31
2001-08-23,1162.09
2001-08-24,1184.93
2001-08-27,1179.21
2001-08-28,1161.51
2001-08-29,1148.60
2001-08-30,1129.03
2001-08-31,1133.58
2001-09-04,1132.94
2001-09-05,1131.74
2001-09-06,1106.40
2001-09-07,1085.78
2001-09-10,1092.54
2001-09-17,1038.77
2001-09-18,1032.74
2001-09-19,1016.10
2001-09-20,984.54
2001-09-21,965.80
2001-09-24,1003.45
2001-09-25,1012.27
2001-09-26,1007.04
2001-09-27,1018.61
2001-09-28,1040.94
2001-10-01,1038.55
2001-10-02,1051.33
2001-10-03,1072.28
2001-10-04,1069.63
2001-10-05,1071.38
2001-10-08,1062.44
2001-10-09,1056.75
2001-10-10,1080.99
2001-10-11,1097.43
2001-10-12,1091.65
2001-10-15,1089.98
2001-10-16,1097.54
2001-10-17,1077.09
2001-10-18,1068.61
2001-10-19,1073.48
2001-10-22,1089.90
2001-10-23,1084.78
2001-10-24,1085.20
2001-10-25,1100.09
2001-10-26,1104.61
2001-10-29,1078.30
2001-10-30,1059.79
2001-10-31,1059.78
2001-11-01,1084.10
2001-11-02,1087.20
2001-11-05,1102.84
2001-11-06,1118.86
2001-11-07,1115.80
2001-11-08,1118.54
2001-11-09,1120.31
2001-11-12,1118.33
2001-11-13,1139.09
2001-11-14,1141.21
2001-11-15,1142.24
2001-11-16,1138.65
2001-11-19,1151.06
2001-11-20,1142.66
2001-11-21,1137.03
2001-11-23,1150.34
2001-11-26,1157.42
2001-11-27,1149.50
2001-11-28,1128.52
2001-11-29,1140.20
2001-11-30,1139.45
2001-12-03,1129.90
2001-12-04,1144.80
2001-12-05,1170.35
2001-12-06,1167.10
2001-12-07,1158.31
2001-12-10,1139.93
2001-12-11,1136.76
2001-12-12,1137.07
2001-12-13,1119.38
2001-12-14,1123.09
2001-12-17,1134.36
2001-12-18,1142.92
2001-12-19,1149.56
2001-12-20,1139.93
2001-12-21,1144.89
2001-12-24,1144.65
2001-12-26,1149.37
2001-12-27,1157.13
2001-12-28,1161.02
2001-12-31,1148.08
2002-01-02,1154.67
2002-01-03,1165.27
2002-01-04,1172.51
2002-01-07,1164.89
2002-01-08,1160.71
2002-01-09,1155.14
2002-01-10,1156.55
2002-01-11,1145.60
2002-01-14,1138.41
2002-01-15,1146.19
2002-01-16,1127.57
2002-01-17,1138.88
2002-01-18,1127.58
2002-01-22,1119.31
2002-01-23,1128.18
2002-01-24,1132.15
2002-01-25,1133.28
2002-01-28,1133.06
2002-01-29,1100.64
2002-01-30,1113.57
2002-01-31,1130.20
2002-02-01,1122.20
2002-02-04,1094.44
2002-02-05,1090.02
2002-02-06,1083.51
2002-02-07,1080.17
2002-02-08,1096.22
2002-02-11,1111.94
2002-02-12,1107.50
2002-02-13,1118.51
2002-02-14,1116.48
2002-02-15,1104.18
2002-02-19,1083.34
2002-02-20,1097.98
2002-02-21,1080.95
2002-02-22,1089.84
2002-02-25,1109.43
2002-02-26,1109.38
2002-02-27,1109.89
2002-02-28,1106.73
2002-03-01,1131.78
2002-03-04,1153.84
2002-03-05,1146.14
2002-03-06,1162.77
2002-03-07,1157.54
2002-03-08,1164.31
2002-03-11,1168.26
2002-03-12,1165.58
2002-03-13,1154.09
2002-03-14,1153.04
2002-03-15,1166.16
2002-03-18,1165.55
2002-03-19,1170.29
2002-03-20,1151.85
2002-03-21,1153.59
2002-03-22,1148.70
2002-03-25,1131.87
2002-03-26,1138.49
2002-03-27,1144.58
2002-03-28,1147.39
2002-04-01,1146.54
2002-04-02,1136.76
2002-04-03,1125.40
2002-04-04,1126.34
2002-04-05,1122.73
2002-04-08,1125.29
2002-04-09,1117.80
2002-04-10,1130.47
2002-04-11,1103.69
2002-04-12,1111.01
2002-04-15,1102.55
2002-04-16,1128.37
2002-04-17,1126.07
2002-04-18,1124.47
2002-04-19,1125.17
2002-04-22,1107.83
2002-04-23,1100.96
2002-04-24,1093.14
2002-04-25,1091.48
2002-04-26,1076.32
2002-04-29,1065.45
2002-04-30,1076.92
2002-05-01,1086.46
2002-05-02,1084.56
2002-05-03,1073.43
2002-05-06,1052.67
2002-05-07,1049.49
2002-05-08,1088.85
2002-05-09,1073.01
2002-05-10,1054.99
2002-05-13,1074.56
2002-05-14,1097.28
2002-05-15,1091.07
2002-05-16,1098.23
2002-05-17,1106.59
2002-05-20,1091.88
2002-05-21,1079.88
2002-05-22,1086.02
2002-05-23,1097.08
2002-05-24,1083.82
2002-05-28,1074.55
2002-05-29,1067.66
2002-05-30,1064.66
2002-05-31,1067.14
2002-06-03,1040.68
2002-06-04,1040.69
2002-06-05,1049.90
2002-06-06,1029.15
2002-06-07,1027.53
2002-06-10,1030.74
2002-06-11,1013.60
2002-06-12,1020.26
2002-06-13,1009.56
2002-06-14,1007.27
2002-06-17,1036.17
2002-06-18,1037.14
2002-06-19,1019.99
2002-06-20,1006.29
2002-06-21,989.14
2002-06-24,992.72
2002-06-25,976.14
2002-06-26,973.53
2002-06-27,990.64
2002-06-28,989.81
2002-07-01,968.65
2002-07-02,948.09
2002-07-03,953.99
2002-07-05,989.03
2002-07-08,976.98
2002-07-09,952.83
2002-07-10,920.47
2002-07-11,927.37
2002-07-12,921.39
2002-07-15,917.93
2002-07-16,901.05
2002-07-17,906.04
2002-07-18,881.56
2002-07-19,847.76
2002-07-22,819.85
2002-07-23,797.70
2002-07-24,843.42
2002-07-25,838.68
2002-07-26,852.84
2002-07-29,898.96
2002-07-30,902.78
2002-07-31,911.62
2002-08-01,884.66
2002-08-02,864.24
2002-08-05,834.60
2002-08-06,859.57
2002-08-07,876.77
2002-08-08,905.46
2002-08-09,908.64
2002-08-12,903.80
2002-08-13,884.21
2002-08-14,919.62
2002-08-15,930.25
2002-08-16,928.77
2002-08-19,950.72
2002-08-20,937.43
2002-08-21,949.36
2002-08-22,962.70
2002-08-23,940.86
2002-08-26,947.95
2002-08-27,934.82
2002-08-28,917.87
2002-08-29,917.80
2002-08-30,916.07
2002-09-03,878.02
2002-09-04,893.40
2002-09-05,879.15
2002-09-06,893.92
2002-09-09,902.96
2002-09-10,909.58
2002-09-11,909.45
2002-09-12,886.91
2002-09-13,889.81
2002-09-16,891.10
2002-09-17,873.52
2002-09-18,869.46
2002-09-19,843.32
2002-09-20,845.39
2002-09-23,833.70
2002-09-24,819.29
2002-09-25,839.66
2002-09-26,854.95
2002-09-27,827.37
2002-09-30,815.28
2002-10-01,847.91
2002-10-02,827.91
2002-10-03,818.95
2002-10-04,800.58
2002-10-07,785.28
2002-10-08,798.55
2002-10-09,776.76
2002-10-10,803.92
2002-10-11,835.32
2002-10-14,841.44
2002-10-15,881.27
2002-10-16,860.02
2002-10-17,879.20
2002-10-18,884.39
2002-10-21,899.72
2002-10-22,890.16
2002-10-23,896.14
2002-10-24,882.50
2002-10-25,897.65
2002-10-28,890.23
2002-10-29,882.15
2002-10-30,890.71
2002-10-31,885.76
2002-11-01,900.96
2002-11-04,908.35
2002-11-05,915.39
2002-11-06,923.76
2002-11-07,902.65
2002-11-08,894.74
2002-11-11,876.19
2002-11-12,882.95
2002-11-13,882.53
2002-11-14,904.27
2002-11-15,909.83
2002-11-18,900.36
2002-11-19,896.74
2002-11-20,914.15
2002-11-21,933.76
2002-11-22,930.55
2002-11-25,932.88
2002-11-26,913.31
2002-11-27,938.87
2002-11-29,936.31
2002-12-02,934.53
2002-12-03,920.75
2002-12-04,917.57
2002-12-05,906.55
2002-12-06,912.23
2002-12-09,892.00
2002-12-10,904.45
2002-12-11,904.96
2002-12-12,901.59
2002-12-13,889.48
2002-12-16,910.40
2002-12-17,902.99
2002-12-18,891.12
2002-12-19,884.25
2002-12-20,895.75
2002-12-23,897.38
2002-12-24,892.47
2002-12-26,889.66
2002-12-27,875.40
2002-12-30,879.39
2002-12-31,879.82
2003-01-02,909.03
2003-01-03,908.59
2003-01-06,929.01
2003-01-07,922.93
2003-01-08,909.93
2003-01-09,927.58
2003-01-10,927.57
2003-01-13,926.26
2003-01-14,931.66
2003-01-15,918.22
2003-01-16,914.60
2003-01-17,901.78
2003-01-21,887.62
2003-01-22,878.36
2003-01-23,887.34
2003-01-24,861.40
2003-01-27,847.48
2003-01-28,858.54
2003-01-29,864.36
2003-01-30,844.61
2003-01-31,855.70
2003-02-03,860.32
2003-02-04,848.20
2003-02-05,843.59
2003-02-06,838.15
2003-02-07,829.69
2003-02-10,835.97
2003-02-11,829.20
2003-02-12,818.68
2003-02-13,817.37
2003-02-14,834.89
2003-02-18,851.17
2003-02-19,845.13
2003-02-20,837.10
2003-02-21,848.17
2003-02-24,832.58
2003-02-25,838.57
2003-02-26,827.55
2003-02-27,837.28
2003-02-28,841.15
2003-03-03,834.81
2003-03-04,821.99
2003-03-05,829.85
2003-03-06,822.10
2003-03-07,828.89
2003-03-10,807.48
2003-03-11,800.73
2003-03-12,804.19
2003-03-13,831.90
2003-03-14,833.27
2003-03-17,862.79
2003-03-18,866.45
2003-03-19,874.02
2003-03-20,875.67
2003-03-21,895.79
2003-03-24,864.23
2003-03-25,874.74
2003-03-26,869.95
2003-03-27,868.52
2003-03-28,863.50
2003-03-31,848.18
2003-04-01,858.48
2003-04-02,880.90
2003-04-03,876.45
2003-04-04,878.85
2003-04-07,879.93
2003-04-08,878.29
2003-04-09,865.99
2003-04-10,871.58
2003-04-11,868.30
2003-04-14,885.23
2003-04-15,890.81
2003-04-16,879.91
2003-04-17,893.58
2003-04-21,892.01
2003-04-22,911.37
2003-04-23,919.02
2003-04-24,911.43
2003-04-25,898.81
2003-04-28,914.84
2003-04-29,917.84
2003-04-30,916.92
2003-05-01,916.30
2003-05-02,930.08
2003-05-05,926.55
2003-05-06,934.39
2003-05-07,929.62
2003-05-08,920.27
2003-05-09,933.41
2003-05-12,945.11
2003-05-13,942.30
2003-05-14,939.28
2003-05-15,946.67
2003-05-16,944.30
2003-05-19,920.77
2003-05-20,919.73
2003-05-21,923.42
2003-05-22,931.87
2003-05-23,933.22
2003-05-27,951.48
2003-05-28,953.22
2003-05-29,949.64
2003-05-30,963.59
2003-06-02,967.00
2003-06-03,971.56
2003-06-04,986.24
2003-06-05,990.14
2003-06-06,987.76
2003-06-09,975.93
2003-06-10,984.84
2003-06-11,997.48
2003-06-12,998.51
2003-06-13,988.61
2003-06-16,1010.74
2003-06-17,1011.66
2003-06-18,1010.09
2003-06-19,994.70
2003-06-20,995.69
2003-06-23,981.64
2003-06-24,983.45
2003-06-25,975.32
2003-06-26,985.82
2003-06-27,976.22
2003-06-30,974.50
2003-07-01,982.32
2003-07-02,993.75
2003-07-03,985.70
2003-07-07,1004.42
2003-07-08,1007.84
2003-07-09,1002.21
2003-07-10,988.70
2003-07-11,998.14
2003-07-14,1003.86
2003-07-15,1000.42
2003-07-16,994.00
2003-07-17,981.73
2003-07-18,993.32
2003-07-21,978.80
2003-07-22,988.11
2003-07-23,988.61
2003-07-24,981.60
2003-07-25,998.68
2003-07-28,996.52
2003-07-29,989.28
2003-07-30,987.49
2003-07-31,990.31
2003-08-01,980.15
2003-08-04,982.82
2003-08-05,965.46
2003-08-06,967.08
2003-08-07,974.12
2003-08-08,977.59
2003-08-11,980.59
2003-08-12,990.35
2003-08-13,984.03
2003-08-14,990.51
2003-08-15,990.67
2003-08-18,999.74
2003-08-19,1002.35
2003-08-20,1000.30
2003-08-21,1003.27
2003-08-22,993.06
2003-08-25,993.71
2003-08-26,996.73
2003-08-27,996.79
2003-08-28,1002.84
2003-08-29,1008.01
2003-09-02,1021.99
2003-09-03,1026.27
2003-09-04,1027.97
2003-09-05,1021.39
2003-09-08,1031.64
2003-09-09,1023.17
2003-09-10,1010.92
2003-09-11,1016.42
2003-09-12,1018.63
2003-09-15,1014.81
2003-09-16,1029.32
2003-09-17,1025.97
2003-09-18,1039.58
2003-09-19,1036.30
2003-09-22,1022.82
2003-09-23,1029.03
2003-09-24,1009.38
2003-09-25,1003.27
2003-09-26,996.85
2003-09-29,1006.58
2003-09-30,995.97
2003-10-01,1018.22
2003-10-02,1020.24
2003-10-03,1029.85
2003-10-06,1034.35
2003-10-07,1039.25
2003-10-08,1033.78
2003-10-09,1038.73
2003-10-10,1038.06
2003-10-13,1045.35
2003-10-14,1049.48
2003-10-15,1046.76
2003-10-16,1050.07
2003-10-17,1039.32
2003-10-20,1044.68
2003-10-21,1046.03
2003-10-22,1030.36
2003-10-23,1033.77
2003-10-24,1028.91
2003-10-27,1031.13
2003-10-28,1046.79
2003-10-29,1048.11
2003-10-30,1046.94
2003-10-31,1050.71
2003-11-03,1059.02
2003-11-04,1053.25
2003-11-05,1051.81
2003-11-06,1058.05
2003-11-07,1053.21
2003-11-10,1047.11
2003-11-11,1046.57
2003-11-12,1058.56
2003-11-13,1058.41
2003-11-14,1050.35
2003-11-17,1043.63
2003-11-18,1034.15
2003-11-19,1042.44
2003-11-20,1033.65
2003-11-21,1035.28
2003-11-24,1052.08
2003-11-25,1053.89
2003-11-26,1058.45
2003-11-28,1058.20
2003-12-01,1070.12
2003-12-02,1066.62
2003-12-03,1064.73
2003-12-04,1069.72
2003-12-05,1061.50
2003-12-08,1069.30
2003-12-09,1060.18
2003-12-10,1059.05
2003-12-11,1071.21
2003-12-12,1074.14
2003-12-15,1068.04
2003-12-16,1075.13
2003-12-17,1076.48
2003-12-18,1089.18
2003-12-19,1088.67
2003-12-22,1092.94
2003-12-23,1096.02
2003-12-24,1094.04
2003-12-26,1095.89
2003-12-29,1109.48
2003-12-30,1109.64
2003-12-31,1111.92
2004-01-02,1108.48
2004-01-05,1122.22
2004-01-06,1123.67
2004-01-07,1126.33
2004-01-08,1131.92
2004-01-09,1121.86
2004-01-12,1127.23
2004-01-13,1121.22
2004-01-14,1130.52
2004-01-15,1132.05
2004-01-16,1139.83
2004-01-20,1138.77
2004-01-21,1147.62
2004-01-22,1143.94
2004-01-23,1141.55
2004-01-26,1155.37
2004-01-27,1144.05
2004-01-28,1128.48
2004-01-29,1134.11
2004-01-30,1131.13
2004-02-02,1135.26
2004-02-03,1136.03
2004-02-04,1126.52
2004-02-05,1128.59
2004-02-06,1142.76
2004-02-09,1139.81
2004-02-10,1145.54
2004-02-11,1157.76
2004-02-12,1152.11
2004-02-13,1145.81
2004-02-17,1156.99
2004-02-18,1151.82
2004-02-19,1147.06
2004-02-20,1144.11
2004-02-23,1140.99
2004-02-24,1139.09
2004-02-25,1143.67
2004-02-26,1144.91
2004-02-27,1144.94
2004-03-01,1155.96
2004-03-02,1149.10
2004-03-03,1151.04
2004-03-04,1154.88
2004-03-05,1156.87
2004-03-08,1147.21
2004-03-09,1140.58
2004-03-10,1123.89
2004-03-11,1106.78
2004-03-12,1120.57
2004-03-15,1104.49
2004-03-16,1110.70
2004-03-17,1123.75
2004-03-18,1122.32
2004-03-19,1109.78
2004-03-22,1095.40
2004-03-23,1093.95
2004-03-24,1091.33
2004-03-25,1109.19
2004-03-26,1108.06
2004-03-29,1122.47
2004-03-30,1127.00
2004-03-31,1126.21
2004-04-01,1132.17
2004-04-02,1141.81
2004-04-05,1150.57
2004-04-06,1148.16
2004-04-07,1140.53
2004-04-08,1139.32
2004-04-12,1145.20
2004-04-13,1129.44
2004-04-14,1128.17
2004-04-15,1128.84
2004-04-16,1134.61
2004-04-19,1135.82
2004-04-20,1118.15
2004-04-21,1124.09
2004-04-22,1139.93
2004-04-23,1140.60
2004-04-26,1135.53
2004-04-27,1138.11
2004-04-28,1122.41
2004-04-29,1113.89
2004-04-30,1107.30
2004-05-03,1117.49
2004-05-04,1119.55
2004-05-05,1121.53
2004-05-06,1113.99
2004-05-07,1098.70
2004-05-10,1087.12
2004-05-11,1095.45
2004-05-12,1097.28
2004-05-13,1096.44
2004-05-14,1095.70
2004-05-17,1084.10
2004-05-18,1091.49
2004-05-19,1088.68
2004-05-20,1089.19
2004-05-21,1093.56
2004-05-24,1095.41
2004-05-25,1113.05
2004-05-26,1114.94
2004-05-27,1121.28
2004-05-28,1120.68
2004-06-01,1121.20
2004-06-02,1124.99
2004-06-03,1116.64
2004-06-04,1122.50
2004-06-07,1140.42
2004-06-08,1142.18
2004-06-09,1131.33
2004-06-10,1136.47
2004-06-14,1125.29
2004-06-15,1132.01
2004-06-16,1133.56
2004-06-17,1132.05
2004-06-18,1135.02
2004-06-21,1130.30
2004-06-22,1134.41
2004-06-23,1144.06
2004-06-24,1140.65
2004-06-25,1134.43
2004-06-28,1133.35
2004-06-29,1136.20
2004-06-30,1140.84
2004-07-01,1128.94
2004-07-02,1125.38
2004-07-06,1116.21
2004-07-07,1118.33
2004-07-08,1109.11
2004-07-09,1112.81
2004-07-12,1114.35
2004-07-13,1115.14
2004-07-14,1111.47
2004-07-15,1106.69
2004-07-16,1101.39
2004-07-19,1100.90
2004-07-20,1108.67
2004-07-21,1093.88
2004-07-22,1096.84
2004-07-23,1086.20
2004-07-26,1084.07
2004-07-27,1094.83
2004-07-28,1095.42
2004-07-29,1100.43
2004-07-30,1101.72
2004-08-02,1106.62
2004-08-03,1099.69
2004-08-04,1098.63
2004-08-05,1080.70
2004-08-06,1063.97
2004-08-09,1065.22
2004-08-10,1079.04
2004-08-11,1075.79
2004-08-12,1063.23
2004-08-13,1064.80
2004-08-16,1079.34
2004-08-17,1081.71
2004-08-18,1095.17
2004-08-19,1091.23
2004-08-20,1098.35
2004-08-23,1095.68
2004-08-24,1096.19
2004-08-25,1104.96
2004-08-26,1105.09
2004-08-27,1107.77
2004-08-30,1099.15
2004-08-31,1104.24
2004-09-01,1105.91
2004-09-02,1118.31
2004-09-03,1113.63
2004-09-07,1121.30
2004-09-08,1116.27
2004-09-09,1118.38
2004-09-10,1123.92
2004-09-13,1125.82
2004-09-14,1128.33
2004-09-15,1120.37
2004-09-16,1123.50
2004-09-17,1128.55
2004-09-20,1122.20
2004-09-21,1129.30
2004-09-22,1113.56
2004-09-23,1108.36
2004-09-24,1110.11
2004-09-27,1103.52
2004-09-28,1110.06
2004-09-29,1114.80
2004-09-30,1114.58
2004-10-01,1131.50
2004-10-04,1135.17
2004-10-05,1134.48
2004-10-06,1142.05
2004-10-07,1130.65
2004-10-08,1122.14
2004-10-11,1124.39
2004-10-12,1121.84
2004-10-13,1113.65
2004-10-14,1103.29
2004-10-15,1108.20
2004-10-18,1114.02
2004-10-19,1103.23
2004-10-20,1103.66
2004-10-21,1106.49
2004-10-22,1095.74
2004-10-25,1094.81
2004-10-26,1111.09
2004-10-27,1125.40
2004-10-28,1127.44
2004-10-29,1130.20
2004-11-01,1130.51
2004-11-02,1130.54
2004-11-03,1143.20
2004-11-04,1161.67
2004-11-05,1166.17
2004-11-08,1164.89
2004-11-09,1164.08
2004-11-10,1162.91
2004-11-11,1173.48
2004-11-12,1184.17
2004-11-15,1183.81
2004-11-16,1175.43
2004-11-17,1181.94
2004-11-18,1183.55
2004-11-19,1170.34
2004-11-22,1177.24
2004-11-23,1176.94
2004-11-24,1181.76
2004-11-26,1182.65
2004-11-29,1178.57
2004-11-30,1173.82
2004-12-01,1191.37
2004-12-02,1190.33
2004-12-03,1191.17
2004-12-06,1190.25
2004-12-07,1177.07
2004-12-08,1182.81
2004-12-09,1189.24
2004-12-10,1188.00
2004-12-13,1198.68
2004-12-14,1203.38
2004-12-15,1205.72
2004-12-16,1203.21
2004-12-17,1194.22
2004-12-20,1194.65
2004-12-21,1205.45
2004-12-22,1209.57
2004-12-23,1210.13
2004-12-27,1204.92
2004-12-28,1213.54
2004-12-29,1213.45
2004-12-30,1213.55
2004-12-31,1211.92
2005-01-03,1202.08
2005-01-04,1188.05
2005-01-05,1183.74
2005-01-06,1187.89
2005-01-07,1186.19
2005-01-10,1190.25
2005-01-11,1182.99
2005-01-12,1187.70
2005-01-13,1177.45
2005-01-14,1184.52
2005-01-18,1195.98
2005-01-19,1184.63
2005-01-20,1175.41
2005-01-21,1167.87
2005-01-24,1163.75
2005-01-25,1168.41
2005-01-26,1174.07
2005-01-27,1174.55
2005-01-28,1171.36
2005-01-31,1181.27
2005-02-01,1189.41
2005-02-02,1193.19
2005-02-03,1189.89
2005-02-04,1203.03
2005-02-07,1201.72
2005-02-08,1202.30
2005-02-09,1191.99
2005-02-10,1197.01
2005-02-11,1205.30
2005-02-14,1206.14
2005-02-15,1210.12
2005-02-16,1210.34
2005-02-17,1200.75
2005-02-18,1201.59
2005-02-22,1184.16
2005-02-23,1190.80
2005-02-24,1200.20
2005-02-25,1211.37
2005-02-28,1203.60
2005-03-01,1210.41
2005-03-02,1210.08
2005-03-03,1210.47
2005-03-04,1222.12
2005-03-07,1225.31
2005-03-08,1219.43
2005-03-09,1207.01
2005-03-10,1209.25
2005-03-11,1200.08
2005-03-14,1206.83
2005-03-15,1197.75
2005-03-16,1188.07
2005-03-17,1190.21
2005-03-18,1189.65
2005-03-21,1183.78
2005-03-22,1171.71
2005-03-23,1172.53
2005-03-24,1171.42
2005-03-28,1174.28
2005-03-29,1165.36
2005-03-30,1181.41
2005-03-31,1180.59
2005-04-01,1172.92
2005-04-04,1176.12
2005-04-05,1181.39
2005-04-06,1184.07
2005-04-07,1191.14
2005-04-08,1181.20
2005-04-11,1181.21
2005-04-12,1187.76
2005-04-13,1173.79
2005-04-14,1162.05
2005-04-15,1142.62
2005-04-18,1145.98
2005-04-19,1152.78
2005-04-20,1137.50
2005-04-21,1159.95
2005-04-22,1152.12
2005-04-25,1162.10
2005-04-26,1151.74
2005-04-27,1156.38
2005-04-28,1143.22
2005-04-29,1156.85
2005-05-02,1162.16
2005-05-03,1161.17
2005-05-04,1175.65
2005-05-05,1172.63
2005-05-06,1171.35
2005-05-09,1178.84
2005-05-10,1166.22
2005-05-11,1171.11
2005-05-12,1159.36
2005-05-13,1154.05
2005-05-16,1165.69
2005-05-17,1173.80
2005-05-18,1185.56
2005-05-19,1191.08
2005-05-20,1189.28
2005-05-23,1193.86
2005-05-24,1194.07
2005-05-25,1190.01
2005-05-26,1197.62
2005-05-27,1198.78
2005-05-31,1191.50
2005-06-01,1202.27
2005-06-02,1204.29
2005-06-03,1196.02
2005-06-06,1197.51
2005-06-07,1197.26
2005-06-08,1194.67
2005-06-09,1200.93
2005-06-10,1198.11
2005-06-13,1200.82
2005-06-14,1203.91
2005-06-15,1206.58
2005-06-16,1210.96
2005-06-17,1216.96
2005-06-20,1216.10
2005-06-21,1213.61
2005-06-22,1213.88
2005-06-23,1200.73
2005-06-24,1191.57
2005-06-27,1190.69
2005-06-28,1201.57
2005-06-29,1199.85
2005-06-30,1191.33
2005-07-01,1194.44
2005-07-05,1204.99
2005-07-06,1194.94
2005-07-07,1197.87
2005-07-08,1211.86
2005-07-11,1219.44
2005-07-12,1222.21
2005-07-13,1223.29
2005-07-14,1226.50
2005-07-15,1227.92
2005-07-18,1221.13
2005-07-19,1229.35
2005-07-20,1235.20
2005-07-21,1227.04
2005-07-22,1233.68
2005-07-25,1229.03
2005-07-26,1231.16
2005-07-27,1236.79
2005-07-28,1243.72
2005-07-29,1234.18
2005-08-01,1235.35
2005-08-02,1244.12
2005-08-03,1245.04
2005-08-04,1235.86
2005-08-05,1226.42
2005-08-08,1223.13
2005-08-09,1231.38
2005-08-10,1229.13
2005-08-11,1237.81
2005-08-12,1230.39
2005-08-15,1233.87
2005-08-16,1219.34
2005-08-17,1220.24
2005-08-18,1219.02
2005-08-19,1219.71
2005-08-22,1221.73
2005-08-23,1217.57
2005-08-24,1209.59
2005-08-25,1212.39
2005-08-26,1205.10
2005-08-29,1212.28
2005-08-30,1208.41
2005-08-31,1220.33
2005-09-01,1221.59
2005-09-02,1218.02
2005-09-06,1233.39
2005-09-07,1236.36
2005-09-08,1231.67
2005-09-09,1241.48
2005-09-12,1240.56
2005-09-13,1231.20
2005-09-14,1227.16
2005-09-15,1227.73
2005-09-16,1237.91
2005-09-19,1231.02
2005-09-20,1221.34
2005-09-21,1210.20
2005-09-22,1214.62
2005-09-23,1215.29
2005-09-26,1215.63
2005-09-27,1215.66
2005-09-28,1216.89
2005-09-29,1227.68
2005-09-30,1228.81
2005-10-03,1226.70
2005-10-04,1214.47
2005-10-05,1196.39
2005-10-06,1191.49
2005-10-07,1195.90
2005-10-10,1187.33
2005-10-11,1184.87
2005-10-12,1177.68
2005-10-13,1176.84
2005-10-14,1186.57
2005-10-17,1190.10
2005-10-18,1178.14
2005-10-19,1195.76
2005-10-20,1177.80
2005-10-21,1179.59
2005-10-24,1199.38
2005-10-25,1196.54
2005-10-26,1191.38
2005-10-27,1178.90
2005-10-28,1198.41
2005-10-31,1207.01
2005-11-01,1202.76
2005-11-02,1214.76
2005-11-03,1219.94
2005-11-04,1220.14
2005-11-07,1222.81
2005-11-08,1218.59
2005-11-09,1220.65
2005-11-10,1230.96
2005-11-11,1234.72
2005-11-14,1233.76
2005-11-15,1229.01
2005-11-16,1231.21
2005-11-17,1242.80
2005-11-18,1248.27
2005-11-21,1254.85
2005-11-22,1261.23
2005-11-23,1265.61
2005-11-25,1268.25
2005-11-28,1257.46
2005-11-29,1257.48
2005-11-30,1249.48
2005-12-01,1264.67
2005-12-02,1265.08
2005-12-05,1262.09
2005-12-06,1263.70
2005-12-07,1257.37
2005-12-08,1255.84
2005-12-09,1259.37
2005-12-12,1260.43
2005-12-13,1267.43
2005-12-14,1272.74
2005-12-15,1270.94
2005-12-16,1267.32
2005-12-19,1259.92
2005-12-20,1259.62
2005-12-21,1262.79
2005-12-22,1268.12
2005-12-23,1268.66
2005-12-27,1256.54
2005-12-28,1258.17
2005-12-29,1254.42
2005-12-30,1248.29
2006-01-03,1268.80
2006-01-04,1273.46
2006-01-05,1273.48
2006-01-06,1285.45
2006-01-09,1290.15
2006-01-10,1289.69
2006-01-11,1294.18
2006-01-12,1286.06
2006-01-13,1287.61
2006-01-17,1282.93
2006-01-18,1277.93
2006-01-19,1285.04
2006-01-20,1261.49
2006-01-23,1263.82
2006-01-24,1266.86
2006-01-25,1264.68
2006-01-26,1273.83
2006-01-27,1283.72
2006-01-30,1285.20
2006-01-31,1280.08
2006-02-01,1282.46
2006-02-02,1270.84
2006-02-03,1264.03
2006-02-06,1265.02
2006-02-07,1254.78
2006-02-08,1265.65
2006-02-09,1263.78
2006-02-10,1266.99
2006-02-13,1262.86
2006-02-14,1275.53
2006-02-15,1280.00
2006-02-16,1289.38
2006-02-17,1287.24
2006-02-21,1283.03
2006-02-22,1292.67
2006-02-23,1287.79
2006-02-24,1289.43
2006-02-27,1294.12
2006-02-28,1280.66
2006-03-01,1291.24
2006-03-02,1289.14
2006-03-03,1287.23
2006-03-06,1278.26
2006-03-07,1275.88
2006-03-08,1278.47
2006-03-09,1272.23
2006-03-10,1281.58
2006-03-13,1284.13
2006-03-14,1297.48
2006-03-15,1303.02
2006-03-16,1305.33
2006-03-17,1307.25
2006-03-20,1305.08
2006-03-21,1297.23
2006-03-22,1305.04
2006-03-23,1301.67
2006-03-24,1302.95
2006-03-27,1301.61
2006-03-28,1293.23
2006-03-29,1302.89
2006-03-30,1300.25
2006-03-31,1294.83
2006-04-03,1297.81
2006-04-04,1305.93
2006-04-05,1311.56
2006-04-06,1309.04
2006-04-07,1295.50
2006-04-10,1296.60
2006-04-11,1286.57
2006-04-12,1288.12
2006-04-13,1289.12
2006-04-17,1285.33
2006-04-18,1307.65
2006-04-19,1309.93
2006-04-20,1311.46
2006-04-21,1311.28
2006-04-24,1308.11
2006-04-25,1301.74
2006-04-26,1305.41
2006-04-27,1309.72
2006-04-28,1310.61
2006-05-01,1305.19
2006-05-02,1313.21
2006-05-03,1307.85
2006-05-04,1312.25
2006-05-05,1325.76
2006-05-08,1324.66
2006-05-09,1325.14
2006-05-10,1322.85
2006-05-11,1305.92
2006-05-12,1291.24
2006-05-15,1294.50
2006-05-16,1292.08
2006-05-17,1270.32
2006-05-18,1261.81
2006-05-19,1267.03
2006-05-22,1262.07
2006-05-23,1256.58
2006-05-24,1258.57
2006-05-25,1272.88
2006-05-26,1280.16
2006-05-30,1259.84
2006-05-31,1270.09
2006-06-01,1285.71
2006-06-02,1288.22
2006-06-05,1265.29
2006-06-06,1263.85
2006-06-07,1256.15
2006-06-08,1257.93
2006-06-09,1252.30
2006-06-12,1236.40
2006-06-13,1223.69
2006-06-14,1230.04
2006-06-15,1256.16
2006-06-16,1251.54
2006-06-19,1240.14
2006-06-20,1240.12
2006-06-21,1252.20
2006-06-22,1245.60
2006-06-23,1244.50
2006-06-26,1250.56
2006-06-27,1239.20
2006-06-28,1246.00
2006-06-29,1272.87
2006-06-30,1270.20
2006-07-03,1280.19
2006-07-05,1270.91
2006-07-06,1274.08
2006-07-07,1265.48
2006-07-10,1267.34
2006-07-11,1272.52
2006-07-12,1258.60
2006-07-13,1242.29
2006-07-14,1236.20
2006-07-17,1234.49
2006-07-18,1236.86
2006-07-19,1259.81
2006-07-20,1249.13
2006-07-21,1240.29
2006-07-24,1260.91
2006-07-25,1268.88
2006-07-26,1268.40
2006-07-27,1263.20
2006-07-28,1278.55
2006-07-31,1276.66
2006-08-01,1270.92
2006-08-02,1278.55
2006-08-03,1280.27
2006-08-04,1279.36
2006-08-07,1275.77
2006-08-08,1271.48
2006-08-09,1265.95
2006-08-10,1271.81
2006-08-11,1266.74
2006-08-14,1268.21
2006-08-15,1285.58
2006-08-16,1295.43
2006-08-17,1297.48
2006-08-18,1302.30
2006-08-21,1297.52
2006-08-22,1298.82
2006-08-23,1292.99
2006-08-24,1296.06
2006-08-25,1295.09
2006-08-28,1301.78
2006-08-29,1304.28
2006-08-30,1304.27
2006-08-31,1303.82
2006-09-01,1311.01
2006-09-05,1313.25
2006-09-06,1300.26
2006-09-07,1294.02
2006-09-08,1298.92
2006-09-11,1299.54
2006-09-12,1313.11
2006-09-13,1318.07
2006-09-14,1316.28
2006-09-15,1319.87
2006-09-18,1321.18
2006-09-19,1318.31
2006-09-20,1325.18
2006-09-21,1318.03
2006-09-22,1314.78
2006-09-25,1326.37
2006-09-26,1336.34
2006-09-27,1336.59
2006-09-28,1339.15
2006-09-29,1335.85
2006-10-02,1331.32
2006-10-03,1334.11
2006-10-04,1350.22
2006-10-05,1353.22
2006-10-06,1349.58
2006-10-09,1350.66
2006-10-10,1353.42
2006-10-11,1349.95
2006-10-12,1362.83
2006-10-13,1365.62
2006-10-16,1369.05
2006-10-17,1364.05
2006-10-18,1365.96
2006-10-19,1366.96
2006-10-20,1368.60
2006-10-23,1377.02
2006-10-24,1377.38
2006-10-25,1382.22
2006-10-26,1389.08
2006-10-27,1377.34
2006-10-30,1377.93
2006-10-31,1377.94
2006-11-01,1367.81
2006-11-02,1367.34
2006-11-03,1364.30
2006-11-06,1379.78
2006-11-07,1382.84
2006-11-08,1385.72
2006-11-09,1378.33
2006-11-10,1380.90
2006-11-13,1384.42
2006-11-14,1393.22
2006-11-15,1396.57
2006-11-16,1399.76
2006-11-17,1401.20
2006-11-20,1400.50
2006-11-21,1402.81
2006-11-22,1406.09
2006-11-24,1400.95
2006-11-27,1381.90
2006-11-28,1386.72
2006-11-29,1399.48
2006-11-30,1400.63
2006-12-01,1396.71
2006-12-04,1409.12
2006-12-05,1414.76
2006-12-06,1412.90
2006-12-07,1407.29
2006-12-08,1409.84
2006-12-11,1413.04
2006-12-12,1411.56
2006-12-13,1413.21
2006-12-14,1425.49
2006-12-15,1427.09
2006-12-18,1422.48
2006-12-19,1425.55
2006-12-20,1423.53
2006-12-21,1418.30
2006-12-22,1410.76
2006-12-26,1416.90
2006-12-27,1426.84
2006-12-28,1424.73
2006-12-29,1418.30
2007-01-03,1416.60
2007-01-04,1418.34
2007-01-05,1409.71
2007-01-08,1412.84
2007-01-09,1412.11
2007-01-10,1414.85
2007-01-11,1423.82
2007-01-12,1430.73
2007-01-16,1431.90
2007-01-17,1430.62
2007-01-18,1426.37
2007-01-19,1430.50
2007-01-22,1422.95
2007-01-23,1427.99
2007-01-24,1440.13
2007-01-25,1423.90
2007-01-26,1422.18
2007-01-29,1420.62
2007-01-30,1428.82
2007-01-31,1438.24
2007-02-01,1445.94
2007-02-02,1448.39
2007-02-05,1446.99
2007-02-06,1448.00
2007-02-07,1450.02
2007-02-08,1448.31
2007-02-09,1438.06
2007-02-12,1433.37
2007-02-13,1444.26
2007-02-14,1455.30
2007-02-15,1456.81
2007-02-16,1455.54
2007-02-20,1459.68
2007-02-21,1457.63
2007-02-22,1456.38
2007-02-23,1451.19
2007-02-26,1449.37
2007-02-27,1399.04
2007-02-28,1406.82
2007-03-01,1403.17
2007-03-02,1387.17
2007-03-05,1374.12
2007-03-06,1395.41
2007-03-07,1391.97
2007-03-08,1401.89
2007-03-09,1402.85
2007-03-12,1406.60
2007-03-13,1377.95
2007-03-14,1387.17
2007-03-15,1392.28
2007-03-16,1386.95
2007-03-19,1402.06
2007-03-20,1410.94
2007-03-21,1435.04
2007-03-22,1434.54
2007-03-23,1436.11
2007-03-26,1437.50
2007-03-27,1428.61
2007-03-28,1417.23
2007-03-29,1422.53
2007-03-30,1420.86
2007-04-02,1424.55
2007-04-03,1437.77
2007-04-04,1439.37
2007-04-05,1443.76
2007-04-09,1444.61
2007-04-10,1448.39
2007-04-11,1438.87
2007-04-12,1447.80
2007-04-13,1452.85
2007-04-16,1468.47
2007-04-17,1471.48
2007-04-18,1472.50
2007-04-19,1470.73
2007-04-20,1484.35
2007-04-23,1480.93
2007-04-24,1480.41
2007-04-25,1495.42
2007-04-26,1494.25
2007-04-27,1494.07
2007-04-30,1482.37
2007-05-01,1486.30
2007-05-02,1495.92
2007-05-03,1502.39
2007-05-04,1505.62
2007-05-07,1509.48
2007-05-08,1507.72
2007-05-09,1512.58
2007-05-10,1491.47
2007-05-11,1505.85
2007-05-14,1503.15
2007-05-15,1501.19
2007-05-16,1514.14
2007-05-17,1512.75
2007-05-18,1522.75
2007-05-21,1525.10
2007-05-22,1524.12
2007-05-23,1522.28
2007-05-24,1507.51
2007-05-25,1515.73
2007-05-29,1518.11
2007-05-30,1530.23
2007-05-31,1530.62
2007-06-01,1536.34
2007-06-04,1539.18
2007-06-05,1530.95
2007-06-06,1517.38
2007-06-07,1490.72
2007-06-08,1507.67
2007-06-11,1509.12
2007-06-12,1493.00
2007-06-13,1515.67
2007-06-14,1522.97
2007-06-15,1532.91
2007-06-18,1531.05
2007-06-19,1533.70
2007-06-20,1512.84
2007-06-21,1522.19
2007-06-22,1502.56
2007-06-25,1497.74
2007-06-26,1492.89
2007-06-27,1506.34
2007-06-28,1505.71
2007-06-29,1503.35
2007-07-02,1519.43
2007-07-03,1524.87
2007-07-05,1525.40
2007-07-06,1530.44
2007-07-09,1531.85
2007-07-10,1510.12
2007-07-11,1518.76
2007-07-12,1547.70
2007-07-13,1552.50
2007-07-16,1549.52
2007-07-17,1549.37
2007-07-18,1546.17
2007-07-19,1553.08
2007-07-20,1534.10
2007-07-23,1541.57
2007-07-24,1511.04
2007-07-25,1518.09
2007-07-26,1482.66
2007-07-27,1458.95
2007-07-30,1473.91
2007-07-31,1455.27
2007-08-01,1465.81
2007-08-02,1472.20
2007-08-03,1433.06
2007-08-06,1467.67
2007-08-07,1476.71
2007-08-08,1497.49
2007-08-09,1453.09
2007-08-10,1453.64
2007-08-13,1452.92
2007-08-14,1426.54
2007-08-15,1406.70
2007-08-16,1411.27
2007-08-17,1445.94
2007-08-20,1445.55
2007-08-21,1447.12
2007-08-22,1464.07
2007-08-23,1462.50
2007-08-24,1479.37
2007-08-27,1466.79
2007-08-28,1432.36
2007-08-29,1463.76
2007-08-30,1457.64
2007-08-31,1473.99
2007-09-04,1489.42
2007-09-05,1472.29
2007-09-06,1478.55
2007-09-07,1453.55
2007-09-10,1451.70
2007-09-11,1471.49
2007-09-12,1471.56
2007-09-13,1483.95
2007-09-14,1484.25
2007-09-17,1476.65
2007-09-18,1519.78
2007-09-19,1529.03
2007-09-20,1518.75
2007-09-21,1525.75
2007-09-24,1517.73
2007-09-25,1517.21
2007-09-26,1525.42
2007-09-27,1531.38
2007-09-28,1526.75
2007-10-01,1547.04
2007-10-02,1546.63
2007-10-03,1539.59
2007-10-04,1542.84
2007-10-05,1557.59
2007-10-08,1552.58
2007-10-09,1565.15
2007-10-10,1562.47
2007-10-11,1554.41
2007-10-12,1561.80
2007-10-15,1548.71
2007-10-16,1538.53
2007-10-17,1541.24
2007-10-18,1540.08
2007-10-19,1500.63
2007-10-22,1506.33
2007-10-23,1519.59
2007-10-24,1515.88
2007-10-25,1514.40
2007-10-26,1535.28
2007-10-29,1540.98
2007-10-30,1531.02
2007-10-31,1549.38
2007-11-01,1508.44
2007-11-02,1509.65
2007-11-05,1502.17
2007-11-06,1520.27
2007-11-07,1475.62
2007-11-08,1474.77
2007-11-09,1453.70
2007-11-12,1439.18
2007-11-13,1481.05
2007-11-14,1470.58
2007-11-15,1451.15
2007-11-16,1458.74
2007-11-19,1433.27
2007-11-20,1439.70
2007-11-21,1416.77
2007-11-23,1440.70
2007-11-26,1407.22
2007-11-27,1428.23
2007-11-28,1469.02
2007-11-29,1469.72
2007-11-30,1481.14
2007-12-03,1472.42
2007-12-04,1462.79
2007-12-05,1485.01
2007-12-06,1507.34
2007-12-07,1504.66
2007-12-10,1515.96
2007-12-11,1477.65
2007-12-12,1486.59
2007-12-13,1488.41
2007-12-14,1467.95
2007-12-17,1445.90
2007-12-18,1454.98
2007-12-19,1453.00
2007-12-20,1460.12
2007-12-21,1484.46
2007-12-24,1496.45
2007-12-26,1497.66
2007-12-27,1476.37
2007-12-28,1478.49
2007-12-31,1468.36
2008-01-02,1447.16
2008-01-03,1447.16
2008-01-04,1411.63
2008-01-07,1416.18
2008-01-08,1390.19
2008-01-09,1409.13
2008-01-10,1420.33
2008-01-11,1401.02
2008-01-14,1416.25
2008-01-15,1380.95
2008-01-16,1373.20
2008-01-17,1333.25
2008-01-18,1325.19
2008-01-22,1310.50
2008-01-23,1338.60
2008-01-24,1352.07
2008-01-25,1330.61
2008-01-28,1353.97
2008-01-29,1362.30
2008-01-30,1355.81
2008-01-31,1378.55
2008-02-01,1395.42
2008-02-04,1380.82
2008-02-05,1336.64
2008-02-06,1326.45
2008-02-07,1336.91
2008-02-08,1331.29
2008-02-11,1339.13
2008-02-12,1348.86
2008-02-13,1367.21
2008-02-14,1348.86
2008-02-15,1349.99
2008-02-19,1348.78
2008-02-20,1360.03
2008-02-21,1342.53
2008-02-22,1353.11
2008-02-25,1371.80
2008-02-26,1381.29
2008-02-27,1380.02
2008-02-28,1367.68
2008-02-29,1330.63
2008-03-03,1331.34
2008-03-04,1326.75
2008-03-05,1333.70
2008-03-06,1304.34
2008-03-07,1293.37
2008-03-10,1273.37
2008-03-11,1320.65
2008-03-12,1308.77
2008-03-13,1315.48
2008-03-14,1288.14
2008-03-17,1276.60
2008-03-18,1330.74
2008-03-19,1298.42
2008-03-20,1329.51
2008-03-24,1349.88
2008-03-25,1352.99
2008-03-26,1341.13
2008-03-27,1325.76
2008-03-28,1315.22
2008-03-31,1322.70
2008-04-01,1370.18
2008-04-02,1367.53
2008-04-03,1369.31
2008-04-04,1370.40
2008-04-07,1372.54
2008-04-08,1365.54
2008-04-09,1354.49
2008-04-10,1360.55
2008-04-11,1332.83
2008-04-14,1328.32
2008-04-15,1334.43
2008-04-16,1364.71
2008-04-17,1365.56
2008-04-18,1390.33
2008-04-21,1388.17
2008-04-22,1375.94
2008-04-23,1379.93
2008-04-24,1388.82
2008-04-25,1397.84
2008-04-28,1396.37
2008-04-29,1390.94
2008-04-30,1385.59
2008-05-01,1409.34
2008-05-02,1413.90
2008-05-05,1407.49
2008-05-06,1418.26
2008-05-07,1392.57
2008-05-08,1397.68
2008-05-09,1388.28
2008-05-12,1403.58
2008-05-13,1403.04
2008-05-14,1408.66
2008-05-15,1423.57
2008-05-16,1425.35
2008-05-19,1426.63
2008-05-20,1413.40
2008-05-21,1390.71
2008-05-22,1394.35
2008-05-23,1375.93
2008-05-27,1385.35
2008-05-28,1390.84
2008-05-29,1398.26
2008-05-30,1400.38
2008-06-02,1385.67
2008-06-03,1377.65
2008-06-04,1377.20
2008-06-05,1404.05
2008-06-06,1360.68
2008-06-09,1361.76
2008-06-10,1358.44
2008-06-11,1335.49
2008-06-12,1339.87
2008-06-13,1360.03
2008-06-16,1360.14
2008-06-17,1350.93
2008-06-18,1337.81
2008-06-19,1342.83
2008-06-20,1317.93
2008-06-23,1318.00
2008-06-24,1314.29
2008-06-25,1321.97
2008-06-26,1283.15
2008-06-27,1278.38
2008-06-30,1280.00
2008-07-01,1284.91
2008-07-02,1261.52
2008-07-03,1262.90
2008-07-07,1252.31
2008-07-08,1273.70
2008-07-09,1244.69
2008-07-10,1253.39
2008-07-11,1239.49
2008-07-14,1228.30
2008-07-15,1214.91
2008-07-16,1245.36
2008-07-17,1260.32
2008-07-18,1260.68
2008-07-21,1260.00
2008-07-22,1277.00
2008-07-23,1282.19
2008-07-24,1252.54
2008-07-25,1257.76
2008-07-28,1234.37
2008-07-29,1263.20
2008-07-30,1284.26
2008-07-31,1267.38
2008-08-01,1260.31
2008-08-04,1249.01
2008-08-05,1284.88
2008-08-06,1289.19
2008-08-07,1266.07
2008-08-08,1296.32
2008-08-11,1305.32
2008-08-12,1289.59
2008-08-13,1285.83
2008-08-14,1292.93
2008-08-15,1298.20
2008-08-18,1278.60
2008-08-19,1266.69
2008-08-20,1274.54
2008-08-21,1277.72
2008-08-22,1292.20
2008-08-25,1266.84
2008-08-26,1271.51
2008-08-27,1281.66
2008-08-28,1300.68
2008-08-29,1282.83
2008-09-02,1277.58
2008-09-03,1274.98
2008-09-04,1236.83
2008-09-05,1242.31
2008-09-08,1267.79
2008-09-09,1224.51
2008-09-10,1232.04
2008-09-11,1249.05
2008-09-12,1251.70
2008-09-15,1192.70
2008-09-16,1213.59
2008-09-17,1156.39
2008-09-18,1206.51
2008-09-19,1255.08
2008-09-22,1207.09
2008-09-23,1188.22
2008-09-24,1185.87
2008-09-25,1209.18
2008-09-26,1213.01
2008-09-29,1106.39
2008-09-30,1166.36
2008-10-01,1161.06
2008-10-02,1114.28
2008-10-03,1099.23
2008-10-06,1056.89
2008-10-07,996.23
2008-10-08,984.94
2008-10-09,909.92
2008-10-10,899.22
2008-10-13,1003.35
2008-10-14,998.01
2008-10-15,907.84
2008-10-16,946.43
2008-10-17,940.55
2008-10-20,985.40
2008-10-21,955.05
2008-10-22,896.78
2008-10-23,908.11
2008-10-24,876.77
2008-10-27,848.92
2008-10-28,940.51
2008-10-29,930.09
2008-10-30,954.09
2008-10-31,968.75
2008-11-03,966.30
2008-11-04,1005.75
2008-11-05,952.77
2008-11-06,904.88
2008-11-07,930.99
2008-11-10,919.21
2008-11-11,898.95
2008-11-12,852.30
2008-11-13,911.29
2008-11-14,873.29
2008-11-17,850.75
2008-11-18,859.12
2008-11-19,806.58
2008-11-20,752.44
2008-11-21,800.03
2008-11-24,851.81
2008-11-25,857.39
2008-11-26,887.68
2008-11-28,896.24
2008-12-01,816.21
2008-12-02,848.81
2008-12-03,870.74
2008-12-04,845.22
2008-12-05,876.07
2008-12-08,909.70
2008-12-09,888.67
2008-12-10,899.24
2008-12-11,873.59
2008-12-12,879.73
2008-12-15,868.57
2008-12-16,913.18
2008-12-17,904.42
2008-12-18,885.28
2008-12-19,887.88
2008-12-22,871.63
2008-12-23,863.16
2008-12-24,868.15
2008-12-26,872.80
2008-12-29,869.42
2008-12-30,890.64
2008-12-31,903.25
2009-01-02,931.80
2009-01-05,927.45
2009-01-06,934.70
2009-01-07,906.65
2009-01-08,909.73
2009-01-09,890.35
2009-01-12,870.26
2009-01-13,871.79
2009-01-14,842.62
2009-01-15,843.74
2009-01-16,850.12
2009-01-20,805.22
2009-01-21,840.24
2009-01-22,827.50
2009-01-23,831.95
2009-01-26,836.57
2009-01-27,845.71
2009-01-28,874.09
2009-01-29,845.14
2009-01-30,825.88
2009-02-02,825.44
2009-02-03,838.51
2009-02-04,832.23
2009-02-05,845.85
2009-02-06,868.60
2009-02-09,869.89
2009-02-10,827.16
2009-02-11,833.74
2009-02-12,835.19
2009-02-13,826.84
2009-02-17,789.17
2009-02-18,788.42
2009-02-19,778.94
2009-02-20,770.05
2009-02-23,743.33
2009-02-24,773.14
2009-02-25,764.90
2009-02-26,752.83
2009-02-27,735.09
2009-03-02,700.82
2009-03-03,696.33
2009-03-04,712.87
2009-03-05,682.55
2009-03-06,683.38
2009-03-09,676.53
2009-03-10,719.60
2009-03-11,721.36
2009-03-12,750.74
2009-03-13,756.55
2009-03-16,753.89
2009-03-17,778.12
2009-03-18,794.35
2009-03-19,784.04
2009-03-20,768.54
2009-03-23,822.92
2009-03-24,806.12
2009-03-25,813.88
2009-03-26,832.86
2009-03-27,815.94
2009-03-30,787.53
2009-03-31,797.87
2009-04-01,811.08
2009-04-02,834.38
2009-04-03,842.50
2009-04-06,835.48
2009-04-07,815.55
2009-04-08,825.16
2009-04-09,856.56
2009-04-13,858.73
2009-04-14,841.50
2009-04-15,852.06
2009-04-16,865.30
2009-04-17,869.60
2009-04-20,832.39
2009-04-21,850.08
2009-04-22,843.55
2009-04-23,851.92
2009-04-24,866.23
2009-04-27,857.51
2009-04-28,855.16
2009-04-29,873.64
2009-04-30,872.81
2009-05-01,877.52
2009-05-04,907.24
2009-05-05,903.80
2009-05-06,919.53
2009-05-07,907.39
2009-05-08,929.23
2009-05-11,909.24
2009-05-12,908.35
2009-05-13,883.92
2009-05-14,893.07
2009-05-15,882.88
2009-05-18,909.71
2009-05-19,908.13
2009-05-20,903.47
2009-05-21,888.33
2009-05-22,887.00
2009-05-26,910.33
2009-05-27,893.06
2009-05-28,906.83
2009-05-29,919.14
2009-06-01,942.87
2009-06-02,944.74
2009-06-03,931.76
2009-06-04,942.46
2009-06-05,940.09
2009-06-08,939.14
2009-06-09,942.43
2009-06-10,939.15
2009-06-11,944.89
2009-06-12,946.21
2009-06-15,923.72
2009-06-16,911.97
2009-06-17,910.71
2009-06-18,918.37
2009-06-19,921.23
2009-06-22,893.04
2009-06-23,895.10
2009-06-24,900.94
2009-06-25,920.26
2009-06-26,918.90
2009-06-29,927.23
2009-06-30,919.32
2009-07-01,923.33
2009-07-02,896.42
2009-07-06,898.72
2009-07-07,881.03
2009-07-08,879.56
2009-07-09,882.68
2009-07-10,879.13
2009-07-13,901.05
2009-07-14,905.84
2009-07-15,932.68
2009-07-16,940.74
2009-07-17,940.38
2009-07-20,951.13
2009-07-21,954.58
2009-07-22,954.07
2009-07-23,976.29
2009-07-24,979.26
2009-07-27,982.18
2009-07-28,979.62
2009-07-29,975.15
2009-07-30,986.75
2009-07-31,987.48
2009-08-03,1002.63
2009-08-04,1005.65
2009-08-05,1002.72
2009-08-06,997.08
2009-08-07,1010.48
2009-08-10,1007.10
2009-08-11,994.35
2009-08-12,1005.81
2009-08-13,1012.73
2009-08-14,1004.09
2009-08-17,979.73
2009-08-18,989.67
2009-08-19,996.46
2009-08-20,1007.37
2009-08-21,1026.13
2009-08-24,1025.57
2009-08-25,1028.00
2009-08-26,1028.12
2009-08-27,1030.98
2009-08-28,1028.93
2009-08-31,1020.62
2009-09-01,998.04
2009-09-02,994.75
2009-09-03,1003.24
2009-09-04,1016.40
2009-09-08,1025.39
2009-09-09,1033.37
2009-09-10,1044.14
2009-09-11,1042.73
2009-09-14,1049.34
2009-09-15,1052.63
2009-09-16,1068.76
2009-09-17,1065.49
2009-09-18,1068.30
2009-09-21,1064.66
2009-09-22,1071.66
2009-09-23,1060.87
2009-09-24,1050.78
2009-09-25,1044.38
2009-09-28,1062.98
2009-09-29,1060.61
2009-09-30,1057.08
2009-10-01,1029.85
2009-10-02,1025.21
2009-10-05,1040.46
2009-10-06,1054.72
2009-10-07,1057.58
2009-10-08,1065.48
2009-10-09,1071.49
2009-10-12,1076.19
2009-10-13,1073.19
2009-10-14,1092.02
2009-10-15,1096.56
2009-10-16,1087.68
2009-10-19,1097.91
2009-10-20,1091.06
2009-10-21,1081.40
2009-10-22,1092.91
2009-10-23,1079.60
2009-10-26,1066.95
2009-10-27,1063.41
2009-10-28,1042.63
2009-10-29,1066.11
2009-10-30,1036.19
2009-11-02,1042.88
2009-11-03,1045.41
2009-11-04,1046.50
2009-11-05,1066.63
2009-11-06,1069.30
2009-11-09,1093.08
2009-11-10,1093.01
2009-11-11,1098.51
2009-11-12,1087.24
2009-11-13,1093.48
2009-11-16,1109.30
2009-11-17,1110.32
2009-11-18,1109.80
2009-11-19,1094.90
2009-11-20,1091.38
2009-11-23,1106.24
2009-11-24,1105.65
2009-11-25,1110.63
2009-11-27,1091.49
2009-11-30,1095.63
2009-12-01,1108.86
2009-12-02,1109.24
2009-12-03,1099.92
2009-12-04,1105.98
2009-12-07,1103.25
2009-12-08,1091.94
2009-12-09,1095.95
2009-12-10,1102.35
2009-12-11,1106.41
2009-12-14,1114.11
2009-12-15,1107.93
2009-12-16,1109.18
2009-12-17,1096.08
2009-12-18,1102.47
2009-12-21,1114.05
2009-12-22,1118.02
2009-12-23,1120.59
2009-12-24,1126.48
2009-12-28,1127.78
2009-12-29,1126.20
2009-12-30,1126.42
2009-12-31,1115.10
2010-01-04,1132.99
2010-01-05,1136.52
2010-01-06,1137.14
2010-01-07,1141.69
2010-01-08,1144.98
2010-01-11,1146.98
2010-01-12,1136.22
2010-01-13,1145.68
2010-01-14,1148.46
2010-01-15,1136.03
2010-01-19,1150.23
2010-01-20,1138.04
2010-01-21,1116.48
2010-01-22,1091.76
2010-01-25,1096.78
2010-01-26,1092.17
2010-01-27,1097.50
2010-01-28,1084.53
2010-01-29,1073.87
2010-02-01,1089.19
2010-02-02,1103.32
2010-02-03,1097.28
2010-02-04,1063.11
2010-02-05,1066.19
2010-02-08,1056.74
2010-02-09,1070.52
2010-02-10,1068.13
2010-02-11,1078.47
2010-02-12,1075.51
2010-02-16,1094.87
2010-02-17,1099.51
2010-02-18,1106.75
2010-02-19,1109.17
2010-02-22,1108.01
2010-02-23,1094.60
2010-02-24,1105.24
2010-02-25,1102.94
2010-02-26,1104.49
2010-03-01,1115.71
2010-03-02,1118.31
2010-03-03,1118.79
2010-03-04,1122.97
2010-03-05,1138.70
2010-03-08,1138.50
2010-03-09,1140.45
2010-03-10,1145.61
2010-03-11,1150.24
2010-03-12,1149.99
2010-03-15,1150.51
2010-03-16,1159.46
2010-03-17,1166.21
2010-03-18,1165.83
2010-03-19,1159.90
2010-03-22,1165.81
2010-03-23,1174.17
2010-03-24,1167.72
2010-03-25,1165.73
2010-03-26,1166.59
2010-03-29,1173.22
2010-03-30,1173.27
2010-03-31,1169.43
2010-04-01,1178.10
2010-04-05,1187.44
2010-04-06,1189.44
2010-04-07,1182.45
2010-04-08,1186.44
2010-04-09,1194.37
2010-04-12,1196.48
2010-04-13,1197.30
2010-04-14,1210.65
2010-04-15,1211.67
2010-04-16,1192.13
2010-04-19,1197.52
2010-04-20,1207.17
2010-04-21,1205.94
2010-04-22,1208.67
2010-04-23,1217.28
2010-04-26,1212.05
2010-04-27,1183.71
2010-04-28,1191.36
2010-04-29,1206.78
2010-04-30,1186.69
2010-05-03,1202.26
2010-05-04,1173.60
2010-05-05,1165.90
2010-05-06,1128.15
2010-05-07,1110.88
2010-05-10,1159.73
2010-05-11,1155.79
2010-05-12,1171.67
2010-05-13,1157.44
2010-05-14,1135.68
2010-05-17,1136.94
2010-05-18,1120.80
2010-05-19,1115.05
2010-05-20,1071.59
2010-05-21,1087.69
2010-05-24,1073.65
2010-05-25,1074.03
2010-05-26,1067.95
2010-05-27,1103.06
2010-05-28,1089.41
2010-06-01,1070.71
2010-06-02,1098.38
2010-06-03,1102.83
2010-06-04,1064.88
2010-06-07,1050.47
2010-06-08,1062.00
2010-06-09,1055.69
2010-06-10,1086.84
2010-06-11,1091.60
2010-06-14,1089.63
2010-06-15,1115.23
2010-06-16,1114.61
2010-06-17,1116.04
2010-06-18,1117.51
2010-06-21,1113.20
2010-06-22,1095.31
2010-06-23,1092.04
2010-06-24,1073.69
2010-06-25,1076.76
2010-06-28,1074.57
2010-06-29,1041.24
2010-06-30,1030.71
2010-07-01,1027.37
2010-07-02,1022.58
2010-07-06,1028.06
2010-07-07,1060.27
2010-07-08,1070.25
2010-07-09,1077.96
2010-07-12,1078.75
2010-07-13,1095.34
2010-07-14,1095.17
2010-07-15,1096.48
2010-07-16,1064.88
2010-07-19,1071.25
2010-07-20,1083.48
2010-07-21,1069.59
2010-07-22,1093.67
2010-07-23,1102.66
2010-07-26,1115.01
2010-07-27,1113.84
2010-07-28,1106.13
2010-07-29,1101.53
2010-07-30,1101.60
2010-08-02,1125.86
2010-08-03,1120.46
2010-08-04,1127.24
2010-08-05,1125.81
2010-08-06,1121.64
2010-08-09,1127.79
2010-08-10,1121.06
2010-08-11,1089.47
2010-08-12,1083.61
2010-08-13,1079.25
2010-08-16,1079.38
2010-08-17,1092.54
2010-08-18,1094.16
2010-08-19,1075.63
2010-08-20,1071.69
2010-08-23,1067.36
2010-08-24,1051.87
2010-08-25,1055.33
2010-08-26,1047.22
2010-08-27,1064.59
2010-08-30,1048.92
2010-08-31,1049.33
2010-09-01,1080.29
2010-09-02,1090.10
2010-09-03,1104.51
2010-09-07,1091.84
2010-09-08,1098.87
2010-09-09,1104.18
2010-09-10,1109.55
2010-09-13,1121.90
2010-09-14,1121.10
2010-09-15,1125.07
2010-09-16,1124.66
2010-09-17,1125.59
2010-09-20,1142.71
2010-09-21,1139.78
2010-09-22,1134.28
2010-09-23,1124.83
2010-09-24,1148.67
2010-09-27,1142.16
2010-09-28,1147.70
2010-09-29,1144.73
2010-09-30,1141.20
2010-10-01,1146.24
2010-10-04,1137.03
2010-10-05,1160.75
2010-10-06,1159.97
2010-10-07,1158.06
2010-10-08,1165.15
2010-10-11,1165.32
2010-10-12,1169.77
2010-10-13,1178.10
2010-10-14,1173.81
2010-10-15,1176.19
2010-10-18,1184.71
2010-10-19,1165.90
2010-10-20,1178.17
2010-10-21,1180.26
2010-10-22,1183.08
2010-10-25,1185.62
2010-10-26,1185.64
2010-10-27,1182.45
2010-10-28,1183.78
2010-10-29,1183.26
2010-11-01,1184.38
2010-11-02,1193.57
2010-11-03,1197.96
2010-11-04,1221.06
2010-11-05,1225.85
2010-11-08,1223.25
2010-11-09,1213.40
2010-11-10,1218.71
2010-11-11,1213.54
2010-11-12,1199.21
2010-11-15,1197.75
2010-11-16,1178.34
2010-11-17,1178.59
2010-11-18,1196.69
2010-11-19,1199.73
2010-11-22,1197.84
2010-11-23,1180.73
2010-11-24,1198.35
2010-11-26,1189.40
2010-11-29,1187.76
2010-11-30,1180.55
2010-12-01,1206.07
2010-12-02,1221.53
2010-12-03,1224.71
2010-12-06,1223.12
2010-12-07,1223.75
2010-12-08,1228.28
2010-12-09,1233.00
2010-12-10,1240.40
2010-12-13,1240.46
2010-12-14,1241.59
2010-12-15,1235.23
2010-12-16,1242.87
2010-12-17,1243.91
2010-12-20,1247.08
2010-12-21,1254.60
2010-12-22,1258.84
2010-12-23,1256.77
2010-12-27,1257.54
2010-12-28,1258.51
2010-12-29,1259.78
2010-12-30,1257.88
2010-12-31,1257.64
2011-01-03,1271.87
2011-01-04,1270.20
2011-01-05,1276.56
2011-01-06,1273.85
2011-01-07,1271.50
2011-01-10,1269.75
2011-01-11,1274.48
2011-01-12,1285.96
2011-01-13,1283.76
2011-01-14,1293.24
2011-01-18,1295.02
2011-01-19,1281.92
2011-01-20,1280.26
2011-01-21,1283.35
2011-01-24,1290.84
2011-01-25,1291.18
2011-01-26,1296.63
2011-01-27,1299.54
