"Variables ->","w","r5y","r3m","cpi_u","cpi","pc"
"Comments ->","Average Hourly Earnings of Production and Nonsupervisory Employees, Total Private","Market Yield on U.S. Treasury Securities at 5-Year Constant Maturity","3-Month Treasury Bill Secondary Market Rate","Consumer Price Index for All Urban Consumers: All Items Less Energy in U.S. City Average","Consumer Price Index for All Urban Consumers: All Items Less Energy in U.S. City Average","Personal Consumption Expenditures: Chain-type Price Index"
"Class[Size] ->","Series[1060-by-1]","Series[1060-by-1]","Series[1060-by-1]","Series[1060-by-1]","Series[1060-by-1]","Series[1060-by-1]"
"1934M01",NaN,NaN,7.20000000e-01,NaN,NaN,NaN
"1934M02",NaN,NaN,6.20000000e-01,NaN,NaN,NaN
"1934M03",NaN,NaN,2.40000000e-01,NaN,NaN,NaN
"1934M04",NaN,NaN,1.50000000e-01,NaN,NaN,NaN
"1934M05",NaN,NaN,1.60000000e-01,NaN,NaN,NaN
"1934M06",NaN,NaN,1.50000000e-01,NaN,NaN,NaN
"1934M07",NaN,NaN,1.50000000e-01,NaN,NaN,NaN
"1934M08",NaN,NaN,1.90000000e-01,NaN,NaN,NaN
"1934M09",NaN,NaN,2.10000000e-01,NaN,NaN,NaN
"1934M10",NaN,NaN,2.70000000e-01,NaN,NaN,NaN
"1934M11",NaN,NaN,2.50000000e-01,NaN,NaN,NaN
"1934M12",NaN,NaN,2.30000000e-01,NaN,NaN,NaN
"1935M01",NaN,NaN,2.00000000e-01,NaN,NaN,NaN
"1935M02",NaN,NaN,1.90000000e-01,NaN,NaN,NaN
"1935M03",NaN,NaN,1.50000000e-01,NaN,NaN,NaN
"1935M04",NaN,NaN,1.50000000e-01,NaN,NaN,NaN
"1935M05",NaN,NaN,1.50000000e-01,NaN,NaN,NaN
"1935M06",NaN,NaN,1.50000000e-01,NaN,NaN,NaN
"1935M07",NaN,NaN,1.50000000e-01,NaN,NaN,NaN
"1935M08",NaN,NaN,1.60000000e-01,NaN,NaN,NaN
"1935M09",NaN,NaN,2.00000000e-01,NaN,NaN,NaN
"1935M10",NaN,NaN,2.00000000e-01,NaN,NaN,NaN
"1935M11",NaN,NaN,1.60000000e-01,NaN,NaN,NaN
"1935M12",NaN,NaN,1.50000000e-01,NaN,NaN,NaN
"1936M01",NaN,NaN,2.00000000e-01,NaN,NaN,NaN
"1936M02",NaN,NaN,2.00000000e-01,NaN,NaN,NaN
"1936M03",NaN,NaN,2.00000000e-01,NaN,NaN,NaN
"1936M04",NaN,NaN,2.00000000e-01,NaN,NaN,NaN
"1936M05",NaN,NaN,2.00000000e-01,NaN,NaN,NaN
"1936M06",NaN,NaN,2.00000000e-01,NaN,NaN,NaN
"1936M07",NaN,NaN,1.50000000e-01,NaN,NaN,NaN
"1936M08",NaN,NaN,2.00000000e-01,NaN,NaN,NaN
"1936M09",NaN,NaN,1.60000000e-01,NaN,NaN,NaN
"1936M10",NaN,NaN,1.30000000e-01,NaN,NaN,NaN
"1936M11",NaN,NaN,1.10000000e-01,NaN,NaN,NaN
"1936M12",NaN,NaN,1.20000000e-01,NaN,NaN,NaN
"1937M01",NaN,NaN,1.70000000e-01,NaN,NaN,NaN
"1937M02",NaN,NaN,1.50000000e-01,NaN,NaN,NaN
"1937M03",NaN,NaN,3.80000000e-01,NaN,NaN,NaN
"1937M04",NaN,NaN,5.60000000e-01,NaN,NaN,NaN
"1937M05",NaN,NaN,4.10000000e-01,NaN,NaN,NaN
"1937M06",NaN,NaN,3.60000000e-01,NaN,NaN,NaN
"1937M07",NaN,NaN,2.80000000e-01,NaN,NaN,NaN
"1937M08",NaN,NaN,2.90000000e-01,NaN,NaN,NaN
"1937M09",NaN,NaN,3.10000000e-01,NaN,NaN,NaN
"1937M10",NaN,NaN,2.00000000e-01,NaN,NaN,NaN
"1937M11",NaN,NaN,9.00000000e-02,NaN,NaN,NaN
"1937M12",NaN,NaN,1.10000000e-01,NaN,NaN,NaN
"1938M01",NaN,NaN,1.00000000e-01,NaN,NaN,NaN
"1938M02",NaN,NaN,8.00000000e-02,NaN,NaN,NaN
"1938M03",NaN,NaN,8.00000000e-02,NaN,NaN,NaN
"1938M04",NaN,NaN,9.00000000e-02,NaN,NaN,NaN
"1938M05",NaN,NaN,5.00000000e-02,NaN,NaN,NaN
"1938M06",NaN,NaN,5.00000000e-02,NaN,NaN,NaN
"1938M07",NaN,NaN,7.00000000e-02,NaN,NaN,NaN
"1938M08",NaN,NaN,6.00000000e-02,NaN,NaN,NaN
"1938M09",NaN,NaN,8.00000000e-02,NaN,NaN,NaN
"1938M10",NaN,NaN,5.00000000e-02,NaN,NaN,NaN
"1938M11",NaN,NaN,4.00000000e-02,NaN,NaN,NaN
"1938M12",NaN,NaN,3.00000000e-02,NaN,NaN,NaN
"1939M01",NaN,NaN,3.00000000e-02,NaN,NaN,NaN
"1939M02",NaN,NaN,3.00000000e-02,NaN,NaN,NaN
"1939M03",NaN,NaN,3.00000000e-02,NaN,NaN,NaN
"1939M04",NaN,NaN,3.00000000e-02,NaN,NaN,NaN
"1939M05",NaN,NaN,3.00000000e-02,NaN,NaN,NaN
"1939M06",NaN,NaN,3.00000000e-02,NaN,NaN,NaN
"1939M07",NaN,NaN,4.00000000e-02,NaN,NaN,NaN
"1939M08",NaN,NaN,5.00000000e-02,NaN,NaN,NaN
"1939M09",NaN,NaN,1.40000000e-01,NaN,NaN,NaN
"1939M10",NaN,NaN,5.00000000e-02,NaN,NaN,NaN
"1939M11",NaN,NaN,5.00000000e-02,NaN,NaN,NaN
"1939M12",NaN,NaN,4.00000000e-02,NaN,NaN,NaN
"1940M01",NaN,NaN,1.00000000e-02,NaN,NaN,NaN
"1940M02",NaN,NaN,2.00000000e-02,NaN,NaN,NaN
"1940M03",NaN,NaN,2.00000000e-02,NaN,NaN,NaN
"1940M04",NaN,NaN,2.00000000e-02,NaN,NaN,NaN
"1940M05",NaN,NaN,6.00000000e-02,NaN,NaN,NaN
"1940M06",NaN,NaN,1.00000000e-01,NaN,NaN,NaN
"1940M07",NaN,NaN,5.00000000e-02,NaN,NaN,NaN
"1940M08",NaN,NaN,4.00000000e-02,NaN,NaN,NaN
"1940M09",NaN,NaN,5.00000000e-02,NaN,NaN,NaN
"1940M10",NaN,NaN,2.00000000e-02,NaN,NaN,NaN
"1940M11",NaN,NaN,2.00000000e-02,NaN,NaN,NaN
"1940M12",NaN,NaN,2.00000000e-02,NaN,NaN,NaN
"1941M01",NaN,NaN,2.00000000e-02,NaN,NaN,NaN
"1941M02",NaN,NaN,4.00000000e-02,NaN,NaN,NaN
"1941M03",NaN,NaN,1.10000000e-01,NaN,NaN,NaN
"1941M04",NaN,NaN,1.00000000e-01,NaN,NaN,NaN
"1941M05",NaN,NaN,1.10000000e-01,NaN,NaN,NaN
"1941M06",NaN,NaN,1.20000000e-01,NaN,NaN,NaN
"1941M07",NaN,NaN,1.20000000e-01,NaN,NaN,NaN
"1941M08",NaN,NaN,1.30000000e-01,NaN,NaN,NaN
"1941M09",NaN,NaN,1.00000000e-01,NaN,NaN,NaN
"1941M10",NaN,NaN,9.00000000e-02,NaN,NaN,NaN
"1941M11",NaN,NaN,2.80000000e-01,NaN,NaN,NaN
"1941M12",NaN,NaN,3.30000000e-01,NaN,NaN,NaN
"1942M01",NaN,NaN,2.70000000e-01,NaN,NaN,NaN
"1942M02",NaN,NaN,2.50000000e-01,NaN,NaN,NaN
"1942M03",NaN,NaN,2.50000000e-01,NaN,NaN,NaN
"1942M04",NaN,NaN,3.20000000e-01,NaN,NaN,NaN
"1942M05",NaN,NaN,3.70000000e-01,NaN,NaN,NaN
"1942M06",NaN,NaN,3.70000000e-01,NaN,NaN,NaN
"1942M07",NaN,NaN,3.80000000e-01,NaN,NaN,NaN
"1942M08",NaN,NaN,3.80000000e-01,NaN,NaN,NaN
"1942M09",NaN,NaN,3.80000000e-01,NaN,NaN,NaN
"1942M10",NaN,NaN,3.80000000e-01,NaN,NaN,NaN
"1942M11",NaN,NaN,3.80000000e-01,NaN,NaN,NaN
"1942M12",NaN,NaN,3.80000000e-01,NaN,NaN,NaN
"1943M01",NaN,NaN,3.80000000e-01,NaN,NaN,NaN
"1943M02",NaN,NaN,3.80000000e-01,NaN,NaN,NaN
"1943M03",NaN,NaN,3.80000000e-01,NaN,NaN,NaN
"1943M04",NaN,NaN,3.80000000e-01,NaN,NaN,NaN
"1943M05",NaN,NaN,3.80000000e-01,NaN,NaN,NaN
"1943M06",NaN,NaN,3.80000000e-01,NaN,NaN,NaN
"1943M07",NaN,NaN,3.80000000e-01,NaN,NaN,NaN
"1943M08",NaN,NaN,3.80000000e-01,NaN,NaN,NaN
"1943M09",NaN,NaN,3.80000000e-01,NaN,NaN,NaN
"1943M10",NaN,NaN,3.80000000e-01,NaN,NaN,NaN
"1943M11",NaN,NaN,3.80000000e-01,NaN,NaN,NaN
"1943M12",NaN,NaN,3.80000000e-01,NaN,NaN,NaN
"1944M01",NaN,NaN,3.80000000e-01,NaN,NaN,NaN
"1944M02",NaN,NaN,3.80000000e-01,NaN,NaN,NaN
"1944M03",NaN,NaN,3.80000000e-01,NaN,NaN,NaN
"1944M04",NaN,NaN,3.80000000e-01,NaN,NaN,NaN
"1944M05",NaN,NaN,3.80000000e-01,NaN,NaN,NaN
"1944M06",NaN,NaN,3.80000000e-01,NaN,NaN,NaN
"1944M07",NaN,NaN,3.80000000e-01,NaN,NaN,NaN
"1944M08",NaN,NaN,3.80000000e-01,NaN,NaN,NaN
"1944M09",NaN,NaN,3.80000000e-01,NaN,NaN,NaN
"1944M10",NaN,NaN,3.80000000e-01,NaN,NaN,NaN
"1944M11",NaN,NaN,3.80000000e-01,NaN,NaN,NaN
"1944M12",NaN,NaN,3.80000000e-01,NaN,NaN,NaN
"1945M01",NaN,NaN,3.80000000e-01,NaN,NaN,NaN
"1945M02",NaN,NaN,3.80000000e-01,NaN,NaN,NaN
"1945M03",NaN,NaN,3.80000000e-01,NaN,NaN,NaN
"1945M04",NaN,NaN,3.80000000e-01,NaN,NaN,NaN
"1945M05",NaN,NaN,3.80000000e-01,NaN,NaN,NaN
"1945M06",NaN,NaN,3.80000000e-01,NaN,NaN,NaN
"1945M07",NaN,NaN,3.80000000e-01,NaN,NaN,NaN
"1945M08",NaN,NaN,3.80000000e-01,NaN,NaN,NaN
"1945M09",NaN,NaN,3.80000000e-01,NaN,NaN,NaN
"1945M10",NaN,NaN,3.80000000e-01,NaN,NaN,NaN
"1945M11",NaN,NaN,3.80000000e-01,NaN,NaN,NaN
"1945M12",NaN,NaN,3.80000000e-01,NaN,NaN,NaN
"1946M01",NaN,NaN,3.80000000e-01,NaN,NaN,NaN
"1946M02",NaN,NaN,3.80000000e-01,NaN,NaN,NaN
"1946M03",NaN,NaN,3.80000000e-01,NaN,NaN,NaN
"1946M04",NaN,NaN,3.80000000e-01,NaN,NaN,NaN
"1946M05",NaN,NaN,3.80000000e-01,NaN,NaN,NaN
"1946M06",NaN,NaN,3.80000000e-01,NaN,NaN,NaN
"1946M07",NaN,NaN,3.80000000e-01,NaN,NaN,NaN
"1946M08",NaN,NaN,3.80000000e-01,NaN,NaN,NaN
"1946M09",NaN,NaN,3.80000000e-01,NaN,NaN,NaN
"1946M10",NaN,NaN,3.80000000e-01,NaN,NaN,NaN
"1946M11",NaN,NaN,3.80000000e-01,NaN,NaN,NaN
"1946M12",NaN,NaN,3.80000000e-01,NaN,NaN,NaN
"1947M01",NaN,NaN,3.80000000e-01,NaN,NaN,NaN
"1947M02",NaN,NaN,3.80000000e-01,NaN,NaN,NaN
"1947M03",NaN,NaN,3.80000000e-01,NaN,NaN,NaN
"1947M04",NaN,NaN,3.80000000e-01,NaN,NaN,NaN
"1947M05",NaN,NaN,3.80000000e-01,NaN,NaN,NaN
"1947M06",NaN,NaN,3.80000000e-01,NaN,NaN,NaN
"1947M07",NaN,NaN,6.60000000e-01,NaN,NaN,NaN
"1947M08",NaN,NaN,7.50000000e-01,NaN,NaN,NaN
"1947M09",NaN,NaN,8.00000000e-01,NaN,NaN,NaN
"1947M10",NaN,NaN,8.50000000e-01,NaN,NaN,NaN
"1947M11",NaN,NaN,9.20000000e-01,NaN,NaN,NaN
"1947M12",NaN,NaN,9.50000000e-01,NaN,NaN,NaN
"1948M01",NaN,NaN,9.70000000e-01,NaN,NaN,NaN
"1948M02",NaN,NaN,1.00000000e+00,NaN,NaN,NaN
"1948M03",NaN,NaN,1.00000000e+00,NaN,NaN,NaN
"1948M04",NaN,NaN,1.00000000e+00,NaN,NaN,NaN
"1948M05",NaN,NaN,1.00000000e+00,NaN,NaN,NaN
"1948M06",NaN,NaN,1.00000000e+00,NaN,NaN,NaN
"1948M07",NaN,NaN,1.00000000e+00,NaN,NaN,NaN
"1948M08",NaN,NaN,1.06000000e+00,NaN,NaN,NaN
"1948M09",NaN,NaN,1.09000000e+00,NaN,NaN,NaN
"1948M10",NaN,NaN,1.12000000e+00,NaN,NaN,NaN
"1948M11",NaN,NaN,1.14000000e+00,NaN,NaN,NaN
"1948M12",NaN,NaN,1.16000000e+00,NaN,NaN,NaN
"1949M01",NaN,NaN,1.17000000e+00,NaN,NaN,NaN
"1949M02",NaN,NaN,1.17000000e+00,NaN,NaN,NaN
"1949M03",NaN,NaN,1.17000000e+00,NaN,NaN,NaN
"1949M04",NaN,NaN,1.17000000e+00,NaN,NaN,NaN
"1949M05",NaN,NaN,1.17000000e+00,NaN,NaN,NaN
"1949M06",NaN,NaN,1.17000000e+00,NaN,NaN,NaN
"1949M07",NaN,NaN,1.02000000e+00,NaN,NaN,NaN
"1949M08",NaN,NaN,1.04000000e+00,NaN,NaN,NaN
"1949M09",NaN,NaN,1.07000000e+00,NaN,NaN,NaN
"1949M10",NaN,NaN,1.05000000e+00,NaN,NaN,NaN
"1949M11",NaN,NaN,1.08000000e+00,NaN,NaN,NaN
"1949M12",NaN,NaN,1.10000000e+00,NaN,NaN,NaN
"1950M01",NaN,NaN,1.07000000e+00,NaN,NaN,NaN
"1950M02",NaN,NaN,1.12000000e+00,NaN,NaN,NaN
"1950M03",NaN,NaN,1.12000000e+00,NaN,NaN,NaN
"1950M04",NaN,NaN,1.15000000e+00,NaN,NaN,NaN
"1950M05",NaN,NaN,1.16000000e+00,NaN,NaN,NaN
"1950M06",NaN,NaN,1.15000000e+00,NaN,NaN,NaN
"1950M07",NaN,NaN,1.16000000e+00,NaN,NaN,NaN
"1950M08",NaN,NaN,1.20000000e+00,NaN,NaN,NaN
"1950M09",NaN,NaN,1.30000000e+00,NaN,NaN,NaN
"1950M10",NaN,NaN,1.31000000e+00,NaN,NaN,NaN
"1950M11",NaN,NaN,1.36000000e+00,NaN,NaN,NaN
"1950M12",NaN,NaN,1.34000000e+00,NaN,NaN,NaN
"1951M01",NaN,NaN,1.34000000e+00,NaN,NaN,NaN
"1951M02",NaN,NaN,1.36000000e+00,NaN,NaN,NaN
"1951M03",NaN,NaN,1.40000000e+00,NaN,NaN,NaN
"1951M04",NaN,NaN,1.47000000e+00,NaN,NaN,NaN
"1951M05",NaN,NaN,1.55000000e+00,NaN,NaN,NaN
"1951M06",NaN,NaN,1.45000000e+00,NaN,NaN,NaN
"1951M07",NaN,NaN,1.56000000e+00,NaN,NaN,NaN
"1951M08",NaN,NaN,1.62000000e+00,NaN,NaN,NaN
"1951M09",NaN,NaN,1.63000000e+00,NaN,NaN,NaN
"1951M10",NaN,NaN,1.54000000e+00,NaN,NaN,NaN
"1951M11",NaN,NaN,1.56000000e+00,NaN,NaN,NaN
"1951M12",NaN,NaN,1.73000000e+00,NaN,NaN,NaN
"1952M01",NaN,NaN,1.57000000e+00,NaN,NaN,NaN
"1952M02",NaN,NaN,1.54000000e+00,NaN,NaN,NaN
"1952M03",NaN,NaN,1.59000000e+00,NaN,NaN,NaN
"1952M04",NaN,NaN,1.57000000e+00,NaN,NaN,NaN
"1952M05",NaN,NaN,1.67000000e+00,NaN,NaN,NaN
"1952M06",NaN,NaN,1.70000000e+00,NaN,NaN,NaN
"1952M07",NaN,NaN,1.81000000e+00,NaN,NaN,NaN
"1952M08",NaN,NaN,1.83000000e+00,NaN,NaN,NaN
"1952M09",NaN,NaN,1.71000000e+00,NaN,NaN,NaN
"1952M10",NaN,NaN,1.74000000e+00,NaN,NaN,NaN
"1952M11",NaN,NaN,1.85000000e+00,NaN,NaN,NaN
"1952M12",NaN,NaN,2.09000000e+00,NaN,NaN,NaN
"1953M01",NaN,NaN,1.96000000e+00,NaN,NaN,NaN
"1953M02",NaN,NaN,1.97000000e+00,NaN,NaN,NaN
"1953M03",NaN,NaN,2.01000000e+00,NaN,NaN,NaN
"1953M04",NaN,2.62000000e+00,2.19000000e+00,NaN,NaN,NaN
"1953M05",NaN,2.87000000e+00,2.16000000e+00,NaN,NaN,NaN
"1953M06",NaN,2.94000000e+00,2.11000000e+00,NaN,NaN,NaN
"1953M07",NaN,2.75000000e+00,2.04000000e+00,NaN,NaN,NaN
"1953M08",NaN,2.80000000e+00,2.04000000e+00,NaN,NaN,NaN
"1953M09",NaN,2.71000000e+00,1.79000000e+00,NaN,NaN,NaN
"1953M10",NaN,2.43000000e+00,1.38000000e+00,NaN,NaN,NaN
"1953M11",NaN,2.42000000e+00,1.44000000e+00,NaN,NaN,NaN
"1953M12",NaN,2.32000000e+00,1.60000000e+00,NaN,NaN,NaN
"1954M01",NaN,2.17000000e+00,1.18000000e+00,NaN,NaN,NaN
"1954M02",NaN,2.04000000e+00,9.70000000e-01,NaN,NaN,NaN
"1954M03",NaN,1.93000000e+00,1.03000000e+00,NaN,NaN,NaN
"1954M04",NaN,1.87000000e+00,9.70000000e-01,NaN,NaN,NaN
"1954M05",NaN,1.92000000e+00,7.60000000e-01,NaN,NaN,NaN
"1954M06",NaN,1.92000000e+00,6.40000000e-01,NaN,NaN,NaN
"1954M07",NaN,1.85000000e+00,7.20000000e-01,NaN,NaN,NaN
"1954M08",NaN,1.90000000e+00,9.20000000e-01,NaN,NaN,NaN
"1954M09",NaN,1.96000000e+00,1.01000000e+00,NaN,NaN,NaN
"1954M10",NaN,2.02000000e+00,9.80000000e-01,NaN,NaN,NaN
"1954M11",NaN,2.09000000e+00,9.30000000e-01,NaN,NaN,NaN
"1954M12",NaN,2.16000000e+00,1.15000000e+00,NaN,NaN,NaN
"1955M01",NaN,2.32000000e+00,1.22000000e+00,NaN,NaN,NaN
"1955M02",NaN,2.38000000e+00,1.17000000e+00,NaN,NaN,NaN
"1955M03",NaN,2.48000000e+00,1.28000000e+00,NaN,NaN,NaN
"1955M04",NaN,2.55000000e+00,1.59000000e+00,NaN,NaN,NaN
"1955M05",NaN,2.56000000e+00,1.45000000e+00,NaN,NaN,NaN
"1955M06",NaN,2.59000000e+00,1.41000000e+00,NaN,NaN,NaN
"1955M07",NaN,2.72000000e+00,1.60000000e+00,NaN,NaN,NaN
"1955M08",NaN,2.86000000e+00,1.90000000e+00,NaN,NaN,NaN
"1955M09",NaN,2.85000000e+00,2.07000000e+00,NaN,NaN,NaN
"1955M10",NaN,2.76000000e+00,2.23000000e+00,NaN,NaN,NaN
"1955M11",NaN,2.81000000e+00,2.24000000e+00,NaN,NaN,NaN
"1955M12",NaN,2.93000000e+00,2.54000000e+00,NaN,NaN,NaN
"1956M01",NaN,2.84000000e+00,2.41000000e+00,NaN,NaN,NaN
"1956M02",NaN,2.74000000e+00,2.32000000e+00,NaN,NaN,NaN
"1956M03",NaN,2.93000000e+00,2.25000000e+00,NaN,NaN,NaN
"1956M04",NaN,3.20000000e+00,2.60000000e+00,NaN,NaN,NaN
"1956M05",NaN,3.08000000e+00,2.61000000e+00,NaN,NaN,NaN
"1956M06",NaN,2.97000000e+00,2.49000000e+00,NaN,NaN,NaN
"1956M07",NaN,3.12000000e+00,2.31000000e+00,NaN,NaN,NaN
"1956M08",NaN,3.41000000e+00,2.60000000e+00,NaN,NaN,NaN
"1956M09",NaN,3.47000000e+00,2.84000000e+00,NaN,NaN,NaN
"1956M10",NaN,3.40000000e+00,2.90000000e+00,NaN,NaN,NaN
"1956M11",NaN,3.56000000e+00,2.99000000e+00,NaN,NaN,NaN
"1956M12",NaN,3.70000000e+00,3.21000000e+00,NaN,NaN,NaN
"1957M01",NaN,3.47000000e+00,3.11000000e+00,2.84000000e+01,2.84000000e+01,NaN
"1957M02",NaN,3.39000000e+00,3.10000000e+00,2.85000000e+01,2.85000000e+01,NaN
"1957M03",NaN,3.46000000e+00,3.08000000e+00,2.85000000e+01,2.86000000e+01,NaN
"1957M04",NaN,3.53000000e+00,3.07000000e+00,2.86000000e+01,2.86000000e+01,NaN
"1957M05",NaN,3.64000000e+00,3.06000000e+00,2.87000000e+01,2.87000000e+01,NaN
"1957M06",NaN,3.83000000e+00,3.29000000e+00,2.89000000e+01,2.88000000e+01,NaN
"1957M07",NaN,4.00000000e+00,3.16000000e+00,2.91000000e+01,2.90000000e+01,NaN
"1957M08",NaN,4.00000000e+00,3.37000000e+00,2.91000000e+01,2.91000000e+01,NaN
"1957M09",NaN,4.03000000e+00,3.53000000e+00,2.91000000e+01,2.91000000e+01,NaN
"1957M10",NaN,4.08000000e+00,3.58000000e+00,2.91000000e+01,2.91000000e+01,NaN
"1957M11",NaN,3.72000000e+00,3.31000000e+00,2.92000000e+01,2.92000000e+01,NaN
"1957M12",NaN,3.08000000e+00,3.04000000e+00,2.92000000e+01,2.93000000e+01,NaN
"1958M01",NaN,2.88000000e+00,2.44000000e+00,2.94000000e+01,2.94000000e+01,NaN
"1958M02",NaN,2.78000000e+00,1.53000000e+00,2.95000000e+01,2.95000000e+01,NaN
"1958M03",NaN,2.64000000e+00,1.30000000e+00,2.97000000e+01,2.97000000e+01,NaN
"1958M04",NaN,2.46000000e+00,1.13000000e+00,2.97000000e+01,2.97000000e+01,NaN
"1958M05",NaN,2.41000000e+00,9.10000000e-01,2.97000000e+01,2.97000000e+01,NaN
"1958M06",NaN,2.46000000e+00,8.30000000e-01,2.98000000e+01,2.97000000e+01,NaN
"1958M07",NaN,2.77000000e+00,9.10000000e-01,2.98000000e+01,2.97000000e+01,NaN
"1958M08",NaN,3.29000000e+00,1.69000000e+00,2.97000000e+01,2.97000000e+01,NaN
"1958M09",NaN,3.69000000e+00,2.44000000e+00,2.97000000e+01,2.97000000e+01,NaN
"1958M10",NaN,3.78000000e+00,2.63000000e+00,2.97000000e+01,2.97000000e+01,NaN
"1958M11",NaN,3.70000000e+00,2.67000000e+00,2.98000000e+01,2.98000000e+01,NaN
"1958M12",NaN,3.82000000e+00,2.77000000e+00,2.98000000e+01,2.98000000e+01,NaN
"1959M01",NaN,4.01000000e+00,2.82000000e+00,2.98000000e+01,2.98000000e+01,1.60420000e+01
"1959M02",NaN,3.96000000e+00,2.70000000e+00,2.97000000e+01,2.98000000e+01,1.60570000e+01
"1959M03",NaN,3.99000000e+00,2.80000000e+00,2.97000000e+01,2.97000000e+01,1.60680000e+01
"1959M04",NaN,4.12000000e+00,2.95000000e+00,2.98000000e+01,2.98000000e+01,1.61000000e+01
"1959M05",NaN,4.35000000e+00,2.84000000e+00,2.98000000e+01,2.98000000e+01,1.61090000e+01
"1959M06",NaN,4.50000000e+00,3.21000000e+00,3.00000000e+01,2.99000000e+01,1.61550000e+01
"1959M07",NaN,4.58000000e+00,3.20000000e+00,3.01000000e+01,3.00000000e+01,1.61890000e+01
"1959M08",NaN,4.57000000e+00,3.38000000e+00,3.00000000e+01,3.00000000e+01,1.62120000e+01
"1959M09",NaN,4.90000000e+00,4.04000000e+00,3.01000000e+01,3.01000000e+01,1.62550000e+01
"1959M10",NaN,4.72000000e+00,4.05000000e+00,3.02000000e+01,3.02000000e+01,1.62940000e+01
"1959M11",NaN,4.75000000e+00,4.15000000e+00,3.02000000e+01,3.02000000e+01,1.63040000e+01
"1959M12",NaN,5.01000000e+00,4.49000000e+00,3.02000000e+01,3.02000000e+01,1.63230000e+01
"1960M01",NaN,4.92000000e+00,4.35000000e+00,3.01000000e+01,3.02000000e+01,1.63140000e+01
"1960M02",NaN,4.69000000e+00,3.96000000e+00,3.02000000e+01,3.03000000e+01,1.63310000e+01
"1960M03",NaN,4.31000000e+00,3.31000000e+00,3.02000000e+01,3.02000000e+01,1.63400000e+01
"1960M04",NaN,4.29000000e+00,3.23000000e+00,3.04000000e+01,3.04000000e+01,1.64000000e+01
"1960M05",NaN,4.49000000e+00,3.29000000e+00,3.04000000e+01,3.04000000e+01,1.64170000e+01
"1960M06",NaN,4.12000000e+00,2.46000000e+00,3.04000000e+01,3.04000000e+01,1.64240000e+01
"1960M07",NaN,3.79000000e+00,2.30000000e+00,3.04000000e+01,3.04000000e+01,1.64530000e+01
"1960M08",NaN,3.62000000e+00,2.30000000e+00,3.04000000e+01,3.04000000e+01,1.64810000e+01
"1960M09",NaN,3.61000000e+00,2.48000000e+00,3.04000000e+01,3.04000000e+01,1.64910000e+01
"1960M10",NaN,3.76000000e+00,2.30000000e+00,3.06000000e+01,3.06000000e+01,1.65100000e+01
"1960M11",NaN,3.81000000e+00,2.37000000e+00,3.06000000e+01,3.06000000e+01,1.65650000e+01
"1960M12",NaN,3.67000000e+00,2.25000000e+00,3.06000000e+01,3.06000000e+01,1.65690000e+01
"1961M01",NaN,3.67000000e+00,2.24000000e+00,3.06000000e+01,3.06000000e+01,1.65710000e+01
"1961M02",NaN,3.66000000e+00,2.42000000e+00,3.06000000e+01,3.06000000e+01,1.65870000e+01
"1961M03",NaN,3.60000000e+00,2.39000000e+00,3.06000000e+01,3.07000000e+01,1.65780000e+01
"1961M04",NaN,3.57000000e+00,2.29000000e+00,3.07000000e+01,3.07000000e+01,1.65680000e+01
"1961M05",NaN,3.47000000e+00,2.29000000e+00,3.07000000e+01,3.07000000e+01,1.65770000e+01
"1961M06",NaN,3.81000000e+00,2.33000000e+00,3.07000000e+01,3.06000000e+01,1.65850000e+01
"1961M07",NaN,3.84000000e+00,2.24000000e+00,3.08000000e+01,3.07000000e+01,1.66210000e+01
"1961M08",NaN,3.96000000e+00,2.39000000e+00,3.08000000e+01,3.08000000e+01,1.66350000e+01
"1961M09",NaN,3.90000000e+00,2.28000000e+00,3.08000000e+01,3.08000000e+01,1.66540000e+01
"1961M10",NaN,3.80000000e+00,2.30000000e+00,3.08000000e+01,3.08000000e+01,1.66520000e+01
"1961M11",NaN,3.82000000e+00,2.48000000e+00,3.08000000e+01,3.08000000e+01,1.66530000e+01
"1961M12",NaN,3.91000000e+00,2.60000000e+00,3.08000000e+01,3.08000000e+01,1.66580000e+01
"1962M01",NaN,3.94000000e+00,2.72000000e+00,3.08000000e+01,3.09000000e+01,1.66890000e+01
"1962M02",NaN,3.89000000e+00,2.73000000e+00,3.09000000e+01,3.09000000e+01,1.67340000e+01
"1962M03",NaN,3.68000000e+00,2.72000000e+00,3.10000000e+01,3.11000000e+01,1.67560000e+01
"1962M04",NaN,3.60000000e+00,2.73000000e+00,3.11000000e+01,3.11000000e+01,1.67750000e+01
"1962M05",NaN,3.66000000e+00,2.69000000e+00,3.11000000e+01,3.11000000e+01,1.67860000e+01
"1962M06",NaN,3.64000000e+00,2.73000000e+00,3.11000000e+01,3.11000000e+01,1.67960000e+01
"1962M07",NaN,3.80000000e+00,2.92000000e+00,3.12000000e+01,3.11000000e+01,1.67870000e+01
"1962M08",NaN,3.71000000e+00,2.82000000e+00,3.12000000e+01,3.12000000e+01,1.68110000e+01
"1962M09",NaN,3.70000000e+00,2.78000000e+00,3.13000000e+01,3.13000000e+01,1.68940000e+01
"1962M10",NaN,3.64000000e+00,2.74000000e+00,3.13000000e+01,3.13000000e+01,1.68760000e+01
"1962M11",NaN,3.60000000e+00,2.83000000e+00,3.13000000e+01,3.13000000e+01,1.68890000e+01
"1962M12",NaN,3.56000000e+00,2.87000000e+00,3.12000000e+01,3.12000000e+01,1.68820000e+01
"1963M01",NaN,3.58000000e+00,2.91000000e+00,3.13000000e+01,3.13000000e+01,1.69230000e+01
"1963M02",NaN,3.66000000e+00,2.92000000e+00,3.13000000e+01,3.13000000e+01,1.69410000e+01
"1963M03",NaN,3.68000000e+00,2.89000000e+00,3.14000000e+01,3.14000000e+01,1.69280000e+01
"1963M04",NaN,3.74000000e+00,2.90000000e+00,3.14000000e+01,3.14000000e+01,1.69270000e+01
"1963M05",NaN,3.72000000e+00,2.93000000e+00,3.14000000e+01,3.14000000e+01,1.69540000e+01
"1963M06",NaN,3.81000000e+00,2.99000000e+00,3.15000000e+01,3.15000000e+01,1.69910000e+01
"1963M07",NaN,3.89000000e+00,3.18000000e+00,3.16000000e+01,3.16000000e+01,1.70250000e+01
"1963M08",NaN,3.89000000e+00,3.32000000e+00,3.16000000e+01,3.16000000e+01,1.70480000e+01
"1963M09",NaN,3.96000000e+00,3.38000000e+00,3.16000000e+01,3.16000000e+01,1.70440000e+01
"1963M10",NaN,3.97000000e+00,3.45000000e+00,3.17000000e+01,3.17000000e+01,1.70780000e+01
"1963M11",NaN,4.01000000e+00,3.52000000e+00,3.17000000e+01,3.17000000e+01,1.71020000e+01
"1963M12",NaN,4.04000000e+00,3.52000000e+00,3.18000000e+01,3.18000000e+01,1.71270000e+01
"1964M01",2.50000000e+00,4.07000000e+00,3.52000000e+00,3.18000000e+01,3.18000000e+01,1.71630000e+01
"1964M02",2.50000000e+00,4.03000000e+00,3.53000000e+00,3.18000000e+01,3.19000000e+01,1.71880000e+01
"1964M03",2.51000000e+00,4.14000000e+00,3.54000000e+00,3.18000000e+01,3.19000000e+01,1.71980000e+01
"1964M04",2.52000000e+00,4.15000000e+00,3.47000000e+00,3.19000000e+01,3.19000000e+01,1.72110000e+01
"1964M05",2.52000000e+00,4.05000000e+00,3.48000000e+00,3.19000000e+01,3.19000000e+01,1.72130000e+01
"1964M06",2.53000000e+00,4.02000000e+00,3.48000000e+00,3.19000000e+01,3.19000000e+01,1.72370000e+01
"1964M07",2.54000000e+00,4.03000000e+00,3.46000000e+00,3.20000000e+01,3.19000000e+01,1.72590000e+01
"1964M08",2.55000000e+00,4.05000000e+00,3.50000000e+00,3.20000000e+01,3.20000000e+01,1.72730000e+01
"1964M09",2.56000000e+00,4.08000000e+00,3.53000000e+00,3.20000000e+01,3.20000000e+01,1.72990000e+01
"1964M10",2.55000000e+00,4.07000000e+00,3.57000000e+00,3.21000000e+01,3.21000000e+01,1.73100000e+01
"1964M11",2.56000000e+00,4.04000000e+00,3.64000000e+00,3.22000000e+01,3.22000000e+01,1.73340000e+01
"1964M12",2.58000000e+00,4.09000000e+00,3.84000000e+00,3.22000000e+01,3.22000000e+01,1.73590000e+01
"1965M01",2.58000000e+00,4.10000000e+00,3.81000000e+00,3.22000000e+01,3.22000000e+01,1.73780000e+01
"1965M02",2.59000000e+00,4.15000000e+00,3.93000000e+00,3.22000000e+01,3.22000000e+01,1.73850000e+01
"1965M03",2.61000000e+00,4.15000000e+00,3.93000000e+00,3.22000000e+01,3.23000000e+01,1.74080000e+01
"1965M04",2.60000000e+00,4.15000000e+00,3.93000000e+00,3.23000000e+01,3.23000000e+01,1.74350000e+01
"1965M05",2.62000000e+00,4.15000000e+00,3.89000000e+00,3.24000000e+01,3.24000000e+01,1.74740000e+01
"1965M06",2.63000000e+00,4.15000000e+00,3.80000000e+00,3.26000000e+01,3.26000000e+01,1.75250000e+01
"1965M07",2.63000000e+00,4.15000000e+00,3.84000000e+00,3.26000000e+01,3.25000000e+01,1.75380000e+01
"1965M08",2.64000000e+00,4.20000000e+00,3.84000000e+00,3.25000000e+01,3.25000000e+01,1.75420000e+01
"1965M09",2.65000000e+00,4.25000000e+00,3.92000000e+00,3.26000000e+01,3.26000000e+01,1.75500000e+01
"1965M10",2.66000000e+00,4.34000000e+00,4.03000000e+00,3.26000000e+01,3.26000000e+01,1.75560000e+01
"1965M11",2.67000000e+00,4.46000000e+00,4.09000000e+00,3.27000000e+01,3.27000000e+01,1.75850000e+01
"1965M12",2.67000000e+00,4.72000000e+00,4.38000000e+00,3.28000000e+01,3.28000000e+01,1.76490000e+01
"1966M01",2.68000000e+00,4.86000000e+00,4.59000000e+00,3.28000000e+01,3.28000000e+01,1.76700000e+01
"1966M02",2.69000000e+00,4.98000000e+00,4.65000000e+00,3.30000000e+01,3.30000000e+01,1.77430000e+01
"1966M03",2.70000000e+00,4.92000000e+00,4.59000000e+00,3.32000000e+01,3.32000000e+01,1.77860000e+01
"1966M04",2.71000000e+00,4.83000000e+00,4.62000000e+00,3.33000000e+01,3.33000000e+01,1.78480000e+01
"1966M05",2.72000000e+00,4.89000000e+00,4.64000000e+00,3.33000000e+01,3.34000000e+01,1.78700000e+01
"1966M06",2.73000000e+00,4.97000000e+00,4.50000000e+00,3.34000000e+01,3.34000000e+01,1.79150000e+01
"1966M07",2.74000000e+00,5.17000000e+00,4.80000000e+00,3.35000000e+01,3.35000000e+01,1.79490000e+01
"1966M08",2.75000000e+00,5.50000000e+00,4.96000000e+00,3.37000000e+01,3.37000000e+01,1.80180000e+01
"1966M09",2.76000000e+00,5.50000000e+00,5.37000000e+00,3.38000000e+01,3.38000000e+01,1.80750000e+01
"1966M10",2.77000000e+00,5.27000000e+00,5.35000000e+00,3.39000000e+01,3.39000000e+01,1.81230000e+01
"1966M11",2.78000000e+00,5.36000000e+00,5.32000000e+00,3.39000000e+01,3.39000000e+01,1.81500000e+01
"1966M12",2.78000000e+00,5.00000000e+00,4.96000000e+00,3.39000000e+01,3.39000000e+01,1.81870000e+01
"1967M01",2.80000000e+00,4.70000000e+00,4.72000000e+00,3.39000000e+01,3.40000000e+01,1.81880000e+01
"1967M02",2.81000000e+00,4.74000000e+00,4.56000000e+00,3.40000000e+01,3.40000000e+01,1.82090000e+01
"1967M03",2.81000000e+00,4.54000000e+00,4.26000000e+00,3.40000000e+01,3.41000000e+01,1.82200000e+01
"1967M04",2.82000000e+00,4.51000000e+00,3.84000000e+00,3.41000000e+01,3.41000000e+01,1.82490000e+01
"1967M05",2.83000000e+00,4.75000000e+00,3.60000000e+00,3.42000000e+01,3.43000000e+01,1.82850000e+01
"1967M06",2.85000000e+00,5.01000000e+00,3.54000000e+00,3.43000000e+01,3.43000000e+01,1.83430000e+01
"1967M07",2.86000000e+00,5.23000000e+00,4.21000000e+00,3.45000000e+01,3.44000000e+01,1.84050000e+01
"1967M08",2.88000000e+00,5.31000000e+00,4.27000000e+00,3.46000000e+01,3.46000000e+01,1.84630000e+01
"1967M09",2.88000000e+00,5.40000000e+00,4.42000000e+00,3.47000000e+01,3.47000000e+01,1.85190000e+01
"1967M10",2.89000000e+00,5.57000000e+00,4.56000000e+00,3.48000000e+01,3.48000000e+01,1.85700000e+01
"1967M11",2.91000000e+00,5.78000000e+00,4.73000000e+00,3.49000000e+01,3.49000000e+01,1.86320000e+01
"1967M12",2.92000000e+00,5.75000000e+00,4.97000000e+00,3.50000000e+01,3.50000000e+01,1.86610000e+01
"1968M01",2.94000000e+00,5.54000000e+00,5.00000000e+00,3.51000000e+01,3.52000000e+01,1.87480000e+01
"1968M02",2.95000000e+00,5.59000000e+00,4.98000000e+00,3.53000000e+01,3.53000000e+01,1.88240000e+01
"1968M03",2.97000000e+00,5.76000000e+00,5.17000000e+00,3.54000000e+01,3.55000000e+01,1.88860000e+01
"1968M04",2.99000000e+00,5.69000000e+00,5.38000000e+00,3.56000000e+01,3.56000000e+01,1.89450000e+01
"1968M05",3.00000000e+00,6.04000000e+00,5.66000000e+00,3.57000000e+01,3.57000000e+01,1.90150000e+01
"1968M06",3.01000000e+00,5.85000000e+00,5.52000000e+00,3.59000000e+01,3.58000000e+01,1.90750000e+01
"1968M07",3.03000000e+00,5.60000000e+00,5.31000000e+00,3.60000000e+01,3.60000000e+01,1.91340000e+01
"1968M08",3.04000000e+00,5.50000000e+00,5.09000000e+00,3.61000000e+01,3.61000000e+01,1.92120000e+01
"1968M09",3.07000000e+00,5.48000000e+00,5.19000000e+00,3.63000000e+01,3.63000000e+01,1.92790000e+01
"1968M10",3.08000000e+00,5.55000000e+00,5.35000000e+00,3.65000000e+01,3.65000000e+01,1.93640000e+01
"1968M11",3.10000000e+00,5.66000000e+00,5.45000000e+00,3.66000000e+01,3.66000000e+01,1.94300000e+01
"1968M12",3.11000000e+00,6.12000000e+00,5.96000000e+00,3.67000000e+01,3.67000000e+01,1.94700000e+01
"1969M01",3.12000000e+00,6.25000000e+00,6.14000000e+00,3.68000000e+01,3.69000000e+01,1.95460000e+01
"1969M02",3.14000000e+00,6.34000000e+00,6.12000000e+00,3.70000000e+01,3.70000000e+01,1.95950000e+01
"1969M03",3.16000000e+00,6.41000000e+00,6.02000000e+00,3.73000000e+01,3.73000000e+01,1.96870000e+01
"1969M04",3.18000000e+00,6.30000000e+00,6.11000000e+00,3.75000000e+01,3.75000000e+01,1.97740000e+01
"1969M05",3.19000000e+00,6.54000000e+00,6.04000000e+00,3.77000000e+01,3.77000000e+01,1.98540000e+01
"1969M06",3.21000000e+00,6.75000000e+00,6.44000000e+00,3.79000000e+01,3.79000000e+01,1.99500000e+01
"1969M07",3.22000000e+00,7.01000000e+00,7.00000000e+00,3.81000000e+01,3.80000000e+01,2.00370000e+01
"1969M08",3.24000000e+00,7.03000000e+00,6.98000000e+00,3.83000000e+01,3.82000000e+01,2.00930000e+01
"1969M09",3.26000000e+00,7.57000000e+00,7.09000000e+00,3.85000000e+01,3.85000000e+01,2.01760000e+01
"1969M10",3.28000000e+00,7.51000000e+00,7.00000000e+00,3.86000000e+01,3.86000000e+01,2.02450000e+01
"1969M11",3.30000000e+00,7.53000000e+00,7.24000000e+00,3.88000000e+01,3.88000000e+01,2.03320000e+01
"1969M12",3.31000000e+00,7.96000000e+00,7.82000000e+00,3.91000000e+01,3.91000000e+01,2.04260000e+01
"1970M01",3.31000000e+00,8.17000000e+00,7.87000000e+00,3.92000000e+01,3.93000000e+01,2.04990000e+01
"1970M02",3.33000000e+00,7.82000000e+00,7.13000000e+00,3.94000000e+01,3.95000000e+01,2.05800000e+01
"1970M03",3.36000000e+00,7.21000000e+00,6.63000000e+00,3.97000000e+01,3.97000000e+01,2.06310000e+01
"1970M04",3.36000000e+00,7.50000000e+00,6.51000000e+00,3.99000000e+01,3.99000000e+01,2.07360000e+01
"1970M05",3.37000000e+00,7.97000000e+00,6.84000000e+00,4.01000000e+01,4.01000000e+01,2.08020000e+01
"1970M06",3.40000000e+00,7.85000000e+00,6.68000000e+00,4.03000000e+01,4.02000000e+01,2.08560000e+01
"1970M07",3.41000000e+00,7.59000000e+00,6.45000000e+00,4.04000000e+01,4.03000000e+01,2.09320000e+01
"1970M08",3.44000000e+00,7.57000000e+00,6.41000000e+00,4.05000000e+01,4.05000000e+01,2.09870000e+01
"1970M09",3.45000000e+00,7.29000000e+00,6.12000000e+00,4.07000000e+01,4.07000000e+01,2.10810000e+01
"1970M10",3.45000000e+00,7.12000000e+00,5.91000000e+00,4.09000000e+01,4.09000000e+01,2.11850000e+01
"1970M11",3.47000000e+00,6.47000000e+00,5.28000000e+00,4.10000000e+01,4.10000000e+01,2.12690000e+01
"1970M12",3.50000000e+00,5.95000000e+00,4.87000000e+00,4.12000000e+01,4.12000000e+01,2.13630000e+01
"1971M01",3.53000000e+00,5.89000000e+00,4.44000000e+00,4.12000000e+01,4.13000000e+01,2.14080000e+01
"1971M02",3.55000000e+00,5.56000000e+00,3.70000000e+00,4.13000000e+01,4.14000000e+01,2.14710000e+01
"1971M03",3.56000000e+00,5.00000000e+00,3.38000000e+00,4.15000000e+01,4.15000000e+01,2.15420000e+01
"1971M04",3.58000000e+00,5.65000000e+00,3.86000000e+00,4.17000000e+01,4.17000000e+01,2.16260000e+01
"1971M05",3.61000000e+00,6.28000000e+00,4.14000000e+00,4.19000000e+01,4.19000000e+01,2.17170000e+01
"1971M06",3.62000000e+00,6.53000000e+00,4.75000000e+00,4.21000000e+01,4.21000000e+01,2.18130000e+01
"1971M07",3.63000000e+00,6.85000000e+00,5.40000000e+00,4.22000000e+01,4.21000000e+01,2.18790000e+01
"1971M08",3.66000000e+00,6.55000000e+00,4.94000000e+00,4.23000000e+01,4.22000000e+01,2.19420000e+01
"1971M09",3.67000000e+00,6.14000000e+00,4.69000000e+00,4.23000000e+01,4.23000000e+01,2.19750000e+01
"1971M10",3.68000000e+00,5.93000000e+00,4.46000000e+00,4.24000000e+01,4.23000000e+01,2.20090000e+01
"1971M11",3.70000000e+00,5.78000000e+00,4.22000000e+00,4.25000000e+01,4.25000000e+01,2.20540000e+01
"1971M12",3.73000000e+00,5.69000000e+00,4.01000000e+00,4.26000000e+01,4.26000000e+01,2.21410000e+01
"1972M01",3.80000000e+00,5.59000000e+00,3.38000000e+00,4.27000000e+01,4.28000000e+01,2.22320000e+01
"1972M02",3.82000000e+00,5.69000000e+00,3.20000000e+00,4.29000000e+01,4.29000000e+01,2.23190000e+01
"1972M03",3.84000000e+00,5.87000000e+00,3.73000000e+00,4.30000000e+01,4.30000000e+01,2.23510000e+01
"1972M04",3.86000000e+00,6.17000000e+00,3.71000000e+00,4.31000000e+01,4.31000000e+01,2.23860000e+01
"1972M05",3.88000000e+00,5.85000000e+00,3.69000000e+00,4.32000000e+01,4.32000000e+01,2.24340000e+01
"1972M06",3.88000000e+00,5.91000000e+00,3.91000000e+00,4.33000000e+01,4.33000000e+01,2.24690000e+01
"1972M07",3.90000000e+00,5.97000000e+00,3.98000000e+00,4.35000000e+01,4.34000000e+01,2.25490000e+01
"1972M08",3.92000000e+00,6.02000000e+00,4.02000000e+00,4.37000000e+01,4.36000000e+01,2.26150000e+01
"1972M09",3.94000000e+00,6.25000000e+00,4.66000000e+00,4.37000000e+01,4.37000000e+01,2.27160000e+01
"1972M10",3.97000000e+00,6.18000000e+00,4.74000000e+00,4.39000000e+01,4.38000000e+01,2.27410000e+01
"1972M11",3.99000000e+00,6.12000000e+00,4.78000000e+00,4.40000000e+01,4.39000000e+01,2.28090000e+01
"1972M12",4.00000000e+00,6.16000000e+00,5.07000000e+00,4.41000000e+01,4.41000000e+01,2.28820000e+01
"1973M01",4.03000000e+00,6.34000000e+00,5.41000000e+00,4.42000000e+01,4.43000000e+01,2.29510000e+01
"1973M02",4.05000000e+00,6.60000000e+00,5.60000000e+00,4.45000000e+01,4.45000000e+01,2.30720000e+01
"1973M03",4.06000000e+00,6.80000000e+00,6.09000000e+00,4.50000000e+01,4.50000000e+01,2.32350000e+01
"1973M04",4.09000000e+00,6.67000000e+00,6.26000000e+00,4.53000000e+01,4.53000000e+01,2.34080000e+01
"1973M05",4.10000000e+00,6.80000000e+00,6.36000000e+00,4.55000000e+01,4.56000000e+01,2.35230000e+01
"1973M06",4.12000000e+00,6.69000000e+00,7.19000000e+00,4.58000000e+01,4.59000000e+01,2.36580000e+01
"1973M07",4.15000000e+00,7.33000000e+00,8.01000000e+00,4.59000000e+01,4.59000000e+01,2.37440000e+01
"1973M08",4.16000000e+00,7.63000000e+00,8.67000000e+00,4.68000000e+01,4.67000000e+01,2.40170000e+01
"1973M09",4.20000000e+00,7.05000000e+00,8.29000000e+00,4.70000000e+01,4.69000000e+01,2.41130000e+01
"1973M10",4.21000000e+00,6.77000000e+00,7.22000000e+00,4.73000000e+01,4.72000000e+01,2.42490000e+01
"1973M11",4.24000000e+00,6.92000000e+00,7.83000000e+00,4.75000000e+01,4.75000000e+01,2.44480000e+01
"1973M12",4.25000000e+00,6.80000000e+00,7.45000000e+00,4.77000000e+01,4.77000000e+01,2.46490000e+01
"1974M01",4.27000000e+00,6.95000000e+00,7.77000000e+00,4.80000000e+01,4.81000000e+01,2.48850000e+01
"1974M02",4.29000000e+00,6.82000000e+00,7.12000000e+00,4.85000000e+01,4.86000000e+01,2.51750000e+01
"1974M03",4.32000000e+00,7.31000000e+00,7.96000000e+00,4.90000000e+01,4.90000000e+01,2.54670000e+01
"1974M04",4.33000000e+00,7.92000000e+00,8.33000000e+00,4.92000000e+01,4.93000000e+01,2.56470000e+01
"1974M05",4.40000000e+00,8.18000000e+00,8.23000000e+00,4.97000000e+01,4.97000000e+01,2.59000000e+01
"1974M06",4.44000000e+00,8.10000000e+00,7.90000000e+00,5.02000000e+01,5.02000000e+01,2.61190000e+01
"1974M07",4.45000000e+00,8.38000000e+00,7.55000000e+00,5.06000000e+01,5.05000000e+01,2.63120000e+01
"1974M08",4.49000000e+00,8.63000000e+00,8.96000000e+00,5.13000000e+01,5.12000000e+01,2.65870000e+01
"1974M09",4.53000000e+00,8.37000000e+00,8.06000000e+00,5.19000000e+01,5.18000000e+01,2.68630000e+01
"1974M10",4.56000000e+00,7.97000000e+00,7.46000000e+00,5.24000000e+01,5.23000000e+01,2.70560000e+01
"1974M11",4.57000000e+00,7.68000000e+00,7.47000000e+00,5.29000000e+01,5.28000000e+01,2.72590000e+01
"1974M12",4.60000000e+00,7.31000000e+00,7.15000000e+00,5.33000000e+01,5.33000000e+01,2.74740000e+01
"1975M01",4.61000000e+00,7.41000000e+00,6.26000000e+00,5.35000000e+01,5.37000000e+01,2.76450000e+01
"1975M02",4.64000000e+00,7.11000000e+00,5.50000000e+00,5.39000000e+01,5.39000000e+01,2.77950000e+01
"1975M03",4.67000000e+00,7.30000000e+00,5.49000000e+00,5.41000000e+01,5.41000000e+01,2.78890000e+01
"1975M04",4.67000000e+00,7.99000000e+00,5.61000000e+00,5.43000000e+01,5.43000000e+01,2.79840000e+01
"1975M05",4.69000000e+00,7.72000000e+00,5.23000000e+00,5.45000000e+01,5.45000000e+01,2.80950000e+01
"1975M06",4.72000000e+00,7.51000000e+00,5.34000000e+00,5.49000000e+01,5.48000000e+01,2.82710000e+01
"1975M07",4.74000000e+00,7.92000000e+00,6.13000000e+00,5.55000000e+01,5.53000000e+01,2.85140000e+01
"1975M08",4.78000000e+00,8.33000000e+00,6.44000000e+00,5.56000000e+01,5.55000000e+01,2.86370000e+01
"1975M09",4.79000000e+00,8.37000000e+00,6.42000000e+00,5.59000000e+01,5.58000000e+01,2.87790000e+01
"1975M10",4.82000000e+00,7.97000000e+00,5.96000000e+00,5.62000000e+01,5.62000000e+01,2.89460000e+01
"1975M11",4.86000000e+00,7.80000000e+00,5.48000000e+00,5.66000000e+01,5.66000000e+01,2.91320000e+01
"1975M12",4.87000000e+00,7.76000000e+00,5.44000000e+00,5.68000000e+01,5.69000000e+01,2.92930000e+01
"1976M01",4.90000000e+00,7.46000000e+00,4.87000000e+00,5.70000000e+01,5.71000000e+01,2.94050000e+01
"1976M02",4.93000000e+00,7.45000000e+00,4.88000000e+00,5.71000000e+01,5.72000000e+01,2.94420000e+01
"1976M03",4.95000000e+00,7.49000000e+00,5.00000000e+00,5.73000000e+01,5.73000000e+01,2.94860000e+01
"1976M04",4.98000000e+00,7.25000000e+00,4.86000000e+00,5.75000000e+01,5.74000000e+01,2.95530000e+01
"1976M05",5.01000000e+00,7.59000000e+00,5.20000000e+00,5.79000000e+01,5.77000000e+01,2.96950000e+01
"1976M06",5.03000000e+00,7.61000000e+00,5.41000000e+00,5.81000000e+01,5.79000000e+01,2.98240000e+01
"1976M07",5.06000000e+00,7.49000000e+00,5.23000000e+00,5.85000000e+01,5.83000000e+01,2.99750000e+01
"1976M08",5.11000000e+00,7.31000000e+00,5.14000000e+00,5.87000000e+01,5.87000000e+01,3.01400000e+01
"1976M09",5.14000000e+00,7.13000000e+00,5.08000000e+00,5.90000000e+01,5.90000000e+01,3.03100000e+01
"1976M10",5.16000000e+00,6.75000000e+00,4.92000000e+00,5.92000000e+01,5.92000000e+01,3.04690000e+01
"1976M11",5.21000000e+00,6.52000000e+00,4.75000000e+00,5.93000000e+01,5.95000000e+01,3.06070000e+01
"1976M12",5.23000000e+00,6.10000000e+00,4.35000000e+00,5.95000000e+01,5.97000000e+01,3.07780000e+01
"1977M01",5.26000000e+00,6.58000000e+00,4.62000000e+00,5.98000000e+01,5.99000000e+01,3.09570000e+01
"1977M02",5.30000000e+00,6.83000000e+00,4.67000000e+00,6.04000000e+01,6.05000000e+01,3.11990000e+01
"1977M03",5.32000000e+00,6.93000000e+00,4.60000000e+00,6.08000000e+01,6.08000000e+01,3.13560000e+01
"1977M04",5.36000000e+00,6.79000000e+00,4.54000000e+00,6.12000000e+01,6.12000000e+01,3.15380000e+01
"1977M05",5.40000000e+00,6.94000000e+00,4.96000000e+00,6.16000000e+01,6.14000000e+01,3.16980000e+01
"1977M06",5.42000000e+00,6.76000000e+00,5.02000000e+00,6.20000000e+01,6.18000000e+01,3.18750000e+01
"1977M07",5.46000000e+00,6.84000000e+00,5.19000000e+00,6.22000000e+01,6.21000000e+01,3.20410000e+01
"1977M08",5.48000000e+00,7.03000000e+00,5.49000000e+00,6.25000000e+01,6.24000000e+01,3.21900000e+01
"1977M09",5.51000000e+00,7.04000000e+00,5.81000000e+00,6.27000000e+01,6.27000000e+01,3.23110000e+01
"1977M10",5.55000000e+00,7.32000000e+00,6.16000000e+00,6.29000000e+01,6.29000000e+01,3.24610000e+01
"1977M11",5.58000000e+00,7.34000000e+00,6.10000000e+00,6.32000000e+01,6.32000000e+01,3.26480000e+01
"1977M12",5.61000000e+00,7.48000000e+00,6.07000000e+00,6.35000000e+01,6.36000000e+01,3.28060000e+01
"1978M01",5.66000000e+00,7.77000000e+00,6.44000000e+00,6.39000000e+01,6.40000000e+01,3.30000000e+01
"1978M02",5.69000000e+00,7.83000000e+00,6.45000000e+00,6.43000000e+01,6.44000000e+01,3.31530000e+01
"1978M03",5.73000000e+00,7.86000000e+00,6.29000000e+00,6.48000000e+01,6.49000000e+01,3.33680000e+01
"1978M04",5.79000000e+00,7.98000000e+00,6.29000000e+00,6.54000000e+01,6.54000000e+01,3.36210000e+01
"1978M05",5.82000000e+00,8.18000000e+00,6.41000000e+00,6.60000000e+01,6.60000000e+01,3.38610000e+01
"1978M06",5.86000000e+00,8.36000000e+00,6.73000000e+00,6.66000000e+01,6.65000000e+01,3.40820000e+01
"1978M07",5.90000000e+00,8.54000000e+00,7.01000000e+00,6.71000000e+01,6.70000000e+01,3.42690000e+01
"1978M08",5.92000000e+00,8.33000000e+00,7.08000000e+00,6.75000000e+01,6.75000000e+01,3.44420000e+01
"1978M09",5.97000000e+00,8.43000000e+00,7.85000000e+00,6.80000000e+01,6.80000000e+01,3.46380000e+01
"1978M10",6.02000000e+00,8.61000000e+00,7.99000000e+00,6.86000000e+01,6.85000000e+01,3.49130000e+01
"1978M11",6.05000000e+00,8.84000000e+00,8.64000000e+00,6.90000000e+01,6.89000000e+01,3.51120000e+01
"1978M12",6.10000000e+00,9.08000000e+00,9.08000000e+00,6.93000000e+01,6.94000000e+01,3.52760000e+01
"1979M01",6.13000000e+00,9.20000000e+00,9.35000000e+00,6.98000000e+01,7.00000000e+01,3.55420000e+01
"1979M02",6.18000000e+00,9.13000000e+00,9.32000000e+00,7.06000000e+01,7.07000000e+01,3.57320000e+01
"1979M03",6.22000000e+00,9.20000000e+00,9.48000000e+00,7.12000000e+01,7.14000000e+01,3.60110000e+01
"1979M04",6.21000000e+00,9.25000000e+00,9.46000000e+00,7.19000000e+01,7.19000000e+01,3.63860000e+01
"1979M05",6.27000000e+00,9.24000000e+00,9.61000000e+00,7.25000000e+01,7.25000000e+01,3.67630000e+01
"1979M06",6.32000000e+00,8.85000000e+00,9.06000000e+00,7.30000000e+01,7.29000000e+01,3.70660000e+01
"1979M07",6.36000000e+00,8.90000000e+00,9.24000000e+00,7.36000000e+01,7.35000000e+01,3.73490000e+01
"1979M08",6.40000000e+00,9.06000000e+00,9.52000000e+00,7.42000000e+01,7.41000000e+01,3.76350000e+01
"1979M09",6.45000000e+00,9.41000000e+00,1.02600000e+01,7.48000000e+01,7.48000000e+01,3.79670000e+01
"1979M10",6.46000000e+00,1.06300000e+01,1.17000000e+01,7.55000000e+01,7.54000000e+01,3.82760000e+01
"1979M11",6.51000000e+00,1.09300000e+01,1.17900000e+01,7.62000000e+01,7.61000000e+01,3.85420000e+01
"1979M12",6.56000000e+00,1.04200000e+01,1.20400000e+01,7.70000000e+01,7.71000000e+01,3.88660000e+01
"1980M01",6.57000000e+00,1.07400000e+01,1.20000000e+01,7.78000000e+01,7.79000000e+01,3.92730000e+01
"1980M02",6.63000000e+00,1.26000000e+01,1.28600000e+01,7.85000000e+01,7.86000000e+01,3.96990000e+01
"1980M03",6.69000000e+00,1.34700000e+01,1.52000000e+01,7.95000000e+01,7.96000000e+01,4.01860000e+01
"1980M04",6.72000000e+00,1.18400000e+01,1.32000000e+01,8.03000000e+01,8.04000000e+01,4.03960000e+01
"1980M05",6.76000000e+00,9.95000000e+00,8.58000000e+00,8.11000000e+01,8.11000000e+01,4.07100000e+01
"1980M06",6.82000000e+00,9.21000000e+00,7.07000000e+00,8.20000000e+01,8.19000000e+01,4.09670000e+01
"1980M07",6.86000000e+00,9.53000000e+00,8.06000000e+00,8.20000000e+01,8.19000000e+01,4.12850000e+01
"1980M08",6.91000000e+00,1.08400000e+01,9.13000000e+00,8.26000000e+01,8.26000000e+01,4.16290000e+01
"1980M09",6.95000000e+00,1.16200000e+01,1.02700000e+01,8.35000000e+01,8.35000000e+01,4.20140000e+01
"1980M10",7.02000000e+00,1.18600000e+01,1.16200000e+01,8.44000000e+01,8.43000000e+01,4.23510000e+01
"1980M11",7.09000000e+00,1.28300000e+01,1.37300000e+01,8.53000000e+01,8.52000000e+01,4.26960000e+01
"1980M12",7.13000000e+00,1.32500000e+01,1.54900000e+01,8.60000000e+01,8.61000000e+01,4.29730000e+01
"1981M01",7.18000000e+00,1.27700000e+01,1.50200000e+01,8.65000000e+01,8.66000000e+01,4.33860000e+01
"1981M02",7.23000000e+00,1.34100000e+01,1.47900000e+01,8.69000000e+01,8.71000000e+01,4.38250000e+01
"1981M03",7.29000000e+00,1.34100000e+01,1.33600000e+01,8.74000000e+01,8.75000000e+01,4.41300000e+01
"1981M04",7.33000000e+00,1.39900000e+01,1.36900000e+01,8.80000000e+01,8.81000000e+01,4.43230000e+01
"1981M05",7.37000000e+00,1.46300000e+01,1.63000000e+01,8.88000000e+01,8.87000000e+01,4.45220000e+01
"1981M06",7.41000000e+00,1.39500000e+01,1.47300000e+01,8.96000000e+01,8.94000000e+01,4.46990000e+01
"1981M07",7.45000000e+00,1.47900000e+01,1.49500000e+01,9.07000000e+01,9.05000000e+01,4.49690000e+01
"1981M08",7.52000000e+00,1.55600000e+01,1.55100000e+01,9.14000000e+01,9.14000000e+01,4.52500000e+01
"1981M09",7.56000000e+00,1.59300000e+01,1.47000000e+01,9.25000000e+01,9.25000000e+01,4.55240000e+01
"1981M10",7.59000000e+00,1.54100000e+01,1.35400000e+01,9.27000000e+01,9.26000000e+01,4.57300000e+01
"1981M11",7.63000000e+00,1.33800000e+01,1.08600000e+01,9.31000000e+01,9.30000000e+01,4.59760000e+01
"1981M12",7.64000000e+00,1.36000000e+01,1.08500000e+01,9.33000000e+01,9.34000000e+01,4.61180000e+01
"1982M01",7.72000000e+00,1.46500000e+01,1.22800000e+01,9.37000000e+01,9.38000000e+01,4.63920000e+01
"1982M02",7.72000000e+00,1.45400000e+01,1.34800000e+01,9.41000000e+01,9.43000000e+01,4.65310000e+01
"1982M03",7.75000000e+00,1.39800000e+01,1.26800000e+01,9.42000000e+01,9.44000000e+01,4.66510000e+01
"1982M04",7.77000000e+00,1.40000000e+01,1.27000000e+01,9.49000000e+01,9.50000000e+01,4.66750000e+01
"1982M05",7.84000000e+00,1.37500000e+01,1.20900000e+01,9.58000000e+01,9.57000000e+01,4.69510000e+01
"1982M06",7.85000000e+00,1.44300000e+01,1.24700000e+01,9.66000000e+01,9.64000000e+01,4.72920000e+01
"1982M07",7.90000000e+00,1.40700000e+01,1.13500000e+01,9.71000000e+01,9.69000000e+01,4.75720000e+01
"1982M08",7.94000000e+00,1.30000000e+01,8.68000000e+00,9.73000000e+01,9.72000000e+01,4.77200000e+01
"1982M09",7.94000000e+00,1.22500000e+01,7.92000000e+00,9.75000000e+01,9.75000000e+01,4.78520000e+01
"1982M10",7.96000000e+00,1.08000000e+01,7.71000000e+00,9.78000000e+01,9.76000000e+01,4.81210000e+01
"1982M11",7.98000000e+00,1.03800000e+01,8.07000000e+00,9.76000000e+01,9.76000000e+01,4.82650000e+01
"1982M12",8.01000000e+00,1.02200000e+01,7.94000000e+00,9.72000000e+01,9.74000000e+01,4.83380000e+01
"1983M01",8.06000000e+00,1.00300000e+01,7.86000000e+00,9.77000000e+01,9.77000000e+01,4.85640000e+01
"1983M02",8.09000000e+00,1.02600000e+01,8.11000000e+00,9.80000000e+01,9.81000000e+01,4.86460000e+01
"1983M03",8.10000000e+00,1.00800000e+01,8.35000000e+00,9.83000000e+01,9.84000000e+01,4.87090000e+01
"1983M04",8.13000000e+00,1.00200000e+01,8.21000000e+00,9.88000000e+01,9.88000000e+01,4.89310000e+01
"1983M05",8.17000000e+00,1.00300000e+01,8.19000000e+00,9.90000000e+01,9.91000000e+01,4.90700000e+01
"1983M06",8.19000000e+00,1.06300000e+01,8.79000000e+00,9.92000000e+01,9.93000000e+01,4.92530000e+01
"1983M07",8.22000000e+00,1.12100000e+01,9.08000000e+00,9.96000000e+01,9.97000000e+01,4.95300000e+01
"1983M08",8.20000000e+00,1.16300000e+01,9.34000000e+00,9.99000000e+01,1.00100000e+02,4.97430000e+01
"1983M09",8.27000000e+00,1.14300000e+01,9.00000000e+00,1.00600000e+02,1.00400000e+02,4.99160000e+01
"1983M10",8.31000000e+00,1.12800000e+01,8.64000000e+00,1.01000000e+02,1.00800000e+02,5.00020000e+01
"1983M11",8.31000000e+00,1.14100000e+01,8.76000000e+00,1.01300000e+02,1.01200000e+02,5.00720000e+01
"1983M12",8.33000000e+00,1.15400000e+01,9.00000000e+00,1.01600000e+02,1.01600000e+02,5.01000000e+01
"1984M01",8.38000000e+00,1.13700000e+01,8.90000000e+00,1.02200000e+02,1.02400000e+02,5.03180000e+01
"1984M02",8.38000000e+00,1.15400000e+01,9.09000000e+00,1.02700000e+02,1.02800000e+02,5.06560000e+01
"1984M03",8.41000000e+00,1.20200000e+01,9.52000000e+00,1.03000000e+02,1.03100000e+02,5.08230000e+01
"1984M04",8.45000000e+00,1.23700000e+01,9.69000000e+00,1.03400000e+02,1.03500000e+02,5.10160000e+01
"1984M05",8.45000000e+00,1.31700000e+01,9.83000000e+00,1.03700000e+02,1.03800000e+02,5.10800000e+01
"1984M06",8.48000000e+00,1.34800000e+01,9.87000000e+00,1.03900000e+02,1.04200000e+02,5.11710000e+01
"1984M07",8.51000000e+00,1.32700000e+01,1.01200000e+01,1.04300000e+02,1.04600000e+02,5.13540000e+01
"1984M08",8.51000000e+00,1.26800000e+01,1.04700000e+01,1.04900000e+02,1.05100000e+02,5.15120000e+01
"1984M09",8.55000000e+00,1.25300000e+01,1.03700000e+01,1.05400000e+02,1.05300000e+02,5.15820000e+01
"1984M10",8.55000000e+00,1.20600000e+01,9.74000000e+00,1.05700000e+02,1.05700000e+02,5.17040000e+01
"1984M11",8.57000000e+00,1.13300000e+01,8.61000000e+00,1.05900000e+02,1.05900000e+02,5.17760000e+01
"1984M12",8.61000000e+00,1.10700000e+01,8.06000000e+00,1.06100000e+02,1.06300000e+02,5.19220000e+01
"1985M01",8.61000000e+00,1.09300000e+01,7.76000000e+00,1.06400000e+02,1.06500000e+02,5.21820000e+01
"1985M02",8.64000000e+00,1.11300000e+01,8.27000000e+00,1.07000000e+02,1.07200000e+02,5.24240000e+01
"1985M03",8.66000000e+00,1.15200000e+01,8.52000000e+00,1.07400000e+02,1.07500000e+02,5.26290000e+01
"1985M04",8.69000000e+00,1.10100000e+01,7.95000000e+00,1.07600000e+02,1.07700000e+02,5.27060000e+01
"1985M05",8.70000000e+00,1.03400000e+01,7.48000000e+00,1.07900000e+02,1.08000000e+02,5.28310000e+01
"1985M06",8.74000000e+00,9.60000000e+00,6.95000000e+00,1.08100000e+02,1.08300000e+02,5.29740000e+01
"1985M07",8.74000000e+00,9.70000000e+00,7.08000000e+00,1.08300000e+02,1.08500000e+02,5.31040000e+01
"1985M08",8.76000000e+00,9.81000000e+00,7.14000000e+00,1.08600000e+02,1.08800000e+02,5.32800000e+01
"1985M09",8.80000000e+00,9.81000000e+00,7.10000000e+00,1.09100000e+02,1.09100000e+02,5.33700000e+01
"1985M10",8.79000000e+00,9.69000000e+00,7.16000000e+00,1.09600000e+02,1.09500000e+02,5.34590000e+01
"1985M11",8.81000000e+00,9.28000000e+00,7.24000000e+00,1.10100000e+02,1.10100000e+02,5.36140000e+01
"1985M12",8.87000000e+00,8.73000000e+00,7.10000000e+00,1.10300000e+02,1.10500000e+02,5.37950000e+01
"1986M01",8.85000000e+00,8.68000000e+00,7.07000000e+00,1.10800000e+02,1.10900000e+02,5.40420000e+01
"1986M02",8.88000000e+00,8.34000000e+00,7.06000000e+00,1.10900000e+02,1.11100000e+02,5.40420000e+01
"1986M03",8.89000000e+00,7.46000000e+00,6.56000000e+00,1.11300000e+02,1.11400000e+02,5.39240000e+01
"1986M04",8.88000000e+00,7.05000000e+00,6.06000000e+00,1.11700000e+02,1.11800000e+02,5.38130000e+01
"1986M05",8.90000000e+00,7.52000000e+00,6.15000000e+00,1.11900000e+02,1.12000000e+02,5.39120000e+01
"1986M06",8.92000000e+00,7.64000000e+00,6.21000000e+00,1.12100000e+02,1.12300000e+02,5.41120000e+01
"1986M07",8.91000000e+00,7.06000000e+00,5.83000000e+00,1.12500000e+02,1.12800000e+02,5.41260000e+01
"1986M08",8.94000000e+00,6.80000000e+00,5.53000000e+00,1.13000000e+02,1.13200000e+02,5.41940000e+01
"1986M09",8.94000000e+00,6.92000000e+00,5.21000000e+00,1.13600000e+02,1.13600000e+02,5.43710000e+01
"1986M10",8.96000000e+00,6.83000000e+00,5.18000000e+00,1.14100000e+02,1.14000000e+02,5.44690000e+01
"1986M11",9.01000000e+00,6.76000000e+00,5.35000000e+00,1.14400000e+02,1.14400000e+02,5.45660000e+01
"1986M12",9.01000000e+00,6.67000000e+00,5.53000000e+00,1.14500000e+02,1.14700000e+02,5.46400000e+01
"1987M01",9.02000000e+00,6.64000000e+00,5.43000000e+00,1.15000000e+02,1.15100000e+02,5.48950000e+01
"1987M02",9.05000000e+00,6.79000000e+00,5.59000000e+00,1.15300000e+02,1.15400000e+02,5.50880000e+01
"1987M03",9.07000000e+00,6.79000000e+00,5.59000000e+00,1.15800000e+02,1.15800000e+02,5.52330000e+01
"1987M04",9.08000000e+00,7.57000000e+00,5.64000000e+00,1.16400000e+02,1.16300000e+02,5.54390000e+01
"1987M05",9.11000000e+00,8.26000000e+00,5.66000000e+00,1.16700000e+02,1.16800000e+02,5.55800000e+01
"1987M06",9.11000000e+00,8.02000000e+00,5.67000000e+00,1.16900000e+02,1.17100000e+02,5.57910000e+01
"1987M07",9.12000000e+00,8.01000000e+00,5.69000000e+00,1.17100000e+02,1.17300000e+02,5.59190000e+01
"1987M08",9.18000000e+00,8.32000000e+00,6.04000000e+00,1.17600000e+02,1.17800000e+02,5.61400000e+01
"1987M09",9.19000000e+00,8.94000000e+00,6.40000000e+00,1.18300000e+02,1.18300000e+02,5.63290000e+01
"1987M10",9.22000000e+00,9.08000000e+00,6.13000000e+00,1.18900000e+02,1.18700000e+02,5.65080000e+01
"1987M11",9.27000000e+00,8.35000000e+00,5.69000000e+00,1.19200000e+02,1.19100000e+02,5.66160000e+01
"1987M12",9.28000000e+00,8.45000000e+00,5.77000000e+00,1.19200000e+02,1.19400000e+02,5.67200000e+01
"1988M01",9.29000000e+00,8.18000000e+00,5.81000000e+00,1.19700000e+02,1.19800000e+02,5.69410000e+01
"1988M02",9.29000000e+00,7.71000000e+00,5.66000000e+00,1.20000000e+02,1.20000000e+02,5.70240000e+01
"1988M03",9.31000000e+00,7.83000000e+00,5.70000000e+00,1.20600000e+02,1.20500000e+02,5.72210000e+01
"1988M04",9.36000000e+00,8.19000000e+00,5.91000000e+00,1.21200000e+02,1.21100000e+02,5.74990000e+01
"1988M05",9.41000000e+00,8.58000000e+00,6.26000000e+00,1.21500000e+02,1.21500000e+02,5.76660000e+01
"1988M06",9.41000000e+00,8.49000000e+00,6.46000000e+00,1.21800000e+02,1.22000000e+02,5.79120000e+01
"1988M07",9.45000000e+00,8.66000000e+00,6.73000000e+00,1.22300000e+02,1.22600000e+02,5.81930000e+01
"1988M08",9.46000000e+00,8.94000000e+00,7.06000000e+00,1.22800000e+02,1.23000000e+02,5.83660000e+01
"1988M09",9.51000000e+00,8.69000000e+00,7.24000000e+00,1.23800000e+02,1.23700000e+02,5.86500000e+01
"1988M10",9.56000000e+00,8.51000000e+00,7.35000000e+00,1.24400000e+02,1.24100000e+02,5.88410000e+01
"1988M11",9.58000000e+00,8.79000000e+00,7.76000000e+00,1.24700000e+02,1.24500000e+02,5.89780000e+01
"1988M12",9.60000000e+00,9.09000000e+00,8.07000000e+00,1.24800000e+02,1.25000000e+02,5.91620000e+01
"1989M01",9.65000000e+00,9.15000000e+00,8.27000000e+00,1.25500000e+02,1.25500000e+02,5.94650000e+01
"1989M02",9.68000000e+00,9.27000000e+00,8.53000000e+00,1.26000000e+02,1.25900000e+02,5.96630000e+01
"1989M03",9.70000000e+00,9.51000000e+00,8.82000000e+00,1.26700000e+02,1.26400000e+02,5.98850000e+01
"1989M04",9.75000000e+00,9.30000000e+00,8.65000000e+00,1.27100000e+02,1.26900000e+02,6.02840000e+01
"1989M05",9.74000000e+00,8.91000000e+00,8.43000000e+00,1.27600000e+02,1.27500000e+02,6.05040000e+01
"1989M06",9.77000000e+00,8.29000000e+00,8.15000000e+00,1.27700000e+02,1.27900000e+02,6.06370000e+01
"1989M07",9.83000000e+00,7.83000000e+00,7.88000000e+00,1.28200000e+02,1.28400000e+02,6.07820000e+01
"1989M08",9.83000000e+00,8.09000000e+00,7.90000000e+00,1.28500000e+02,1.28700000e+02,6.07890000e+01
"1989M09",9.87000000e+00,8.17000000e+00,7.75000000e+00,1.29100000e+02,1.29100000e+02,6.09240000e+01
"1989M10",9.92000000e+00,7.97000000e+00,7.64000000e+00,1.29900000e+02,1.29800000e+02,6.11620000e+01
"1989M11",9.93000000e+00,7.81000000e+00,7.69000000e+00,1.30400000e+02,1.30300000e+02,6.12960000e+01
"1989M12",9.98000000e+00,7.75000000e+00,7.63000000e+00,1.30600000e+02,1.30800000e+02,6.14730000e+01
"1990M01",1.00200000e+01,8.12000000e+00,7.64000000e+00,1.31500000e+02,1.31500000e+02,6.19390000e+01
"1990M02",1.00700000e+01,8.42000000e+00,7.74000000e+00,1.32300000e+02,1.32200000e+02,6.22120000e+01
"1990M03",1.01100000e+01,8.60000000e+00,7.90000000e+00,1.33300000e+02,1.32900000e+02,6.24460000e+01
"1990M04",1.01200000e+01,8.77000000e+00,7.77000000e+00,1.33500000e+02,1.33300000e+02,6.25770000e+01
"1990M05",1.01600000e+01,8.74000000e+00,7.74000000e+00,1.33700000e+02,1.33600000e+02,6.27180000e+01
"1990M06",1.02000000e+01,8.43000000e+00,7.73000000e+00,1.34200000e+02,1.34400000e+02,6.29950000e+01
"1990M07",1.02200000e+01,8.33000000e+00,7.62000000e+00,1.34800000e+02,1.35100000e+02,6.31510000e+01
"1990M08",1.02400000e+01,8.44000000e+00,7.45000000e+00,1.35600000e+02,1.35800000e+02,6.35710000e+01
"1990M09",1.02800000e+01,8.51000000e+00,7.36000000e+00,1.36300000e+02,1.36300000e+02,6.39610000e+01
"1990M10",1.03000000e+01,8.33000000e+00,7.17000000e+00,1.36900000e+02,1.36800000e+02,6.43270000e+01
"1990M11",1.03200000e+01,8.02000000e+00,7.06000000e+00,1.37200000e+02,1.37200000e+02,6.44090000e+01
"1990M12",1.03400000e+01,7.73000000e+00,6.74000000e+00,1.37400000e+02,1.37700000e+02,6.44690000e+01
"1991M01",1.03800000e+01,7.70000000e+00,6.22000000e+00,1.38600000e+02,1.38500000e+02,6.47140000e+01
"1991M02",1.03900000e+01,7.47000000e+00,5.94000000e+00,1.39300000e+02,1.39100000e+02,6.47470000e+01
"1991M03",1.04100000e+01,7.77000000e+00,5.91000000e+00,1.39800000e+02,1.39400000e+02,6.47600000e+01
"1991M04",1.04600000e+01,7.70000000e+00,5.65000000e+00,1.40200000e+02,1.39900000e+02,6.48780000e+01
"1991M05",1.04900000e+01,7.70000000e+00,5.46000000e+00,1.40300000e+02,1.40300000e+02,6.51470000e+01
"1991M06",1.05100000e+01,7.94000000e+00,5.57000000e+00,1.40500000e+02,1.40800000e+02,6.52570000e+01
"1991M07",1.05400000e+01,7.91000000e+00,5.58000000e+00,1.40900000e+02,1.41100000e+02,6.53600000e+01
"1991M08",1.05600000e+01,7.43000000e+00,5.33000000e+00,1.41300000e+02,1.41500000e+02,6.55110000e+01
"1991M09",1.05800000e+01,7.14000000e+00,5.22000000e+00,1.41900000e+02,1.41900000e+02,6.57370000e+01
"1991M10",1.05900000e+01,6.87000000e+00,4.99000000e+00,1.42300000e+02,1.42200000e+02,6.58600000e+01
"1991M11",1.06100000e+01,6.62000000e+00,4.56000000e+00,1.42700000e+02,1.42700000e+02,6.60050000e+01
"1991M12",1.06400000e+01,6.19000000e+00,4.07000000e+00,1.42800000e+02,1.43100000e+02,6.61700000e+01
"1992M01",1.06400000e+01,6.24000000e+00,3.80000000e+00,1.43300000e+02,1.43400000e+02,6.62600000e+01
"1992M02",1.06700000e+01,6.58000000e+00,3.84000000e+00,1.44000000e+02,1.43700000e+02,6.64280000e+01
"1992M03",1.06900000e+01,6.95000000e+00,4.04000000e+00,1.44700000e+02,1.44200000e+02,6.65890000e+01
"1992M04",1.07200000e+01,6.78000000e+00,3.75000000e+00,1.44900000e+02,1.44500000e+02,6.67690000e+01
"1992M05",1.07400000e+01,6.69000000e+00,3.63000000e+00,1.44900000e+02,1.44900000e+02,6.68570000e+01
"1992M06",1.07700000e+01,6.48000000e+00,3.66000000e+00,1.45000000e+02,1.45200000e+02,6.69760000e+01
"1992M07",1.07900000e+01,5.84000000e+00,3.21000000e+00,1.45300000e+02,1.45500000e+02,6.71970000e+01
"1992M08",1.08100000e+01,5.60000000e+00,3.13000000e+00,1.45800000e+02,1.46000000e+02,6.72870000e+01
"1992M09",1.08200000e+01,5.38000000e+00,2.91000000e+00,1.46200000e+02,1.46300000e+02,6.73970000e+01
"1992M10",1.08500000e+01,5.60000000e+00,2.86000000e+00,1.46900000e+02,1.46800000e+02,6.76350000e+01
"1992M11",1.08700000e+01,6.04000000e+00,3.13000000e+00,1.47100000e+02,1.47200000e+02,6.77680000e+01
"1992M12",1.08900000e+01,6.08000000e+00,3.22000000e+00,1.47100000e+02,1.47400000e+02,6.78860000e+01
"1993M01",1.09300000e+01,5.83000000e+00,3.00000000e+00,1.47900000e+02,1.47900000e+02,6.80520000e+01
"1993M02",1.09500000e+01,5.43000000e+00,2.93000000e+00,1.48700000e+02,1.48400000e+02,6.81540000e+01
"1993M03",1.09900000e+01,5.19000000e+00,2.95000000e+00,1.49100000e+02,1.48600000e+02,6.82940000e+01
"1993M04",1.09900000e+01,5.13000000e+00,2.87000000e+00,1.49500000e+02,1.49100000e+02,6.84750000e+01
"1993M05",1.10100000e+01,5.20000000e+00,2.96000000e+00,1.49600000e+02,1.49600000e+02,6.86870000e+01
"1993M06",1.10300000e+01,5.22000000e+00,3.07000000e+00,1.49600000e+02,1.49800000e+02,6.87110000e+01
"1993M07",1.10500000e+01,5.09000000e+00,3.04000000e+00,1.49700000e+02,1.50000000e+02,6.88200000e+01
"1993M08",1.10700000e+01,5.03000000e+00,3.02000000e+00,1.50300000e+02,1.50500000e+02,6.89380000e+01
"1993M09",1.11000000e+01,4.73000000e+00,2.95000000e+00,1.50600000e+02,1.50700000e+02,6.90100000e+01
"1993M10",1.11300000e+01,4.71000000e+00,3.02000000e+00,1.51200000e+02,1.51100000e+02,6.92270000e+01
"1993M11",1.11500000e+01,5.06000000e+00,3.10000000e+00,1.51500000e+02,1.51600000e+02,6.93580000e+01
"1993M12",1.11800000e+01,5.15000000e+00,3.06000000e+00,1.51700000e+02,1.52000000e+02,6.93740000e+01
"1994M01",1.12000000e+01,5.09000000e+00,2.98000000e+00,1.52200000e+02,1.52200000e+02,6.93970000e+01
"1994M02",1.12500000e+01,5.40000000e+00,3.25000000e+00,1.52600000e+02,1.52400000e+02,6.95580000e+01
"1994M03",1.12500000e+01,5.94000000e+00,3.50000000e+00,1.53300000e+02,1.52800000e+02,6.97500000e+01
"1994M04",1.12700000e+01,6.52000000e+00,3.68000000e+00,1.53400000e+02,1.53100000e+02,6.98320000e+01
"1994M05",1.12900000e+01,6.78000000e+00,4.14000000e+00,1.53500000e+02,1.53500000e+02,6.99330000e+01
"1994M06",1.13100000e+01,6.70000000e+00,4.14000000e+00,1.53700000e+02,1.53900000e+02,7.01040000e+01
"1994M07",1.13400000e+01,6.91000000e+00,4.33000000e+00,1.54000000e+02,1.54300000e+02,7.03250000e+01
"1994M08",1.13600000e+01,6.88000000e+00,4.48000000e+00,1.54600000e+02,1.54800000e+02,7.04860000e+01
"1994M09",1.13900000e+01,7.08000000e+00,4.62000000e+00,1.55000000e+02,1.55100000e+02,7.05650000e+01
"1994M10",1.14300000e+01,7.40000000e+00,4.95000000e+00,1.55500000e+02,1.55300000e+02,7.06840000e+01
"1994M11",1.14500000e+01,7.72000000e+00,5.29000000e+00,1.55700000e+02,1.55700000e+02,7.08190000e+01
"1994M12",1.14700000e+01,7.78000000e+00,5.60000000e+00,1.55700000e+02,1.56100000e+02,7.08650000e+01
"1995M01",1.14800000e+01,7.76000000e+00,5.71000000e+00,1.56500000e+02,1.56500000e+02,7.10080000e+01
"1995M02",1.15300000e+01,7.37000000e+00,5.77000000e+00,1.57200000e+02,1.57000000e+02,7.11340000e+01
"1995M03",1.15500000e+01,7.05000000e+00,5.73000000e+00,1.57800000e+02,1.57300000e+02,7.12650000e+01
"1995M04",1.15600000e+01,6.86000000e+00,5.65000000e+00,1.58300000e+02,1.57900000e+02,7.14530000e+01
"1995M05",1.15900000e+01,6.41000000e+00,5.67000000e+00,1.58300000e+02,1.58300000e+02,7.15630000e+01
"1995M06",1.16300000e+01,5.93000000e+00,5.47000000e+00,1.58300000e+02,1.58500000e+02,7.16330000e+01
"1995M07",1.16700000e+01,6.01000000e+00,5.42000000e+00,1.58500000e+02,1.58800000e+02,7.17220000e+01
"1995M08",1.16900000e+01,6.24000000e+00,5.40000000e+00,1.59000000e+02,1.59200000e+02,7.18770000e+01
"1995M09",1.17300000e+01,6.00000000e+00,5.28000000e+00,1.59500000e+02,1.59600000e+02,7.19260000e+01
"1995M10",1.17500000e+01,5.86000000e+00,5.28000000e+00,1.60200000e+02,1.60100000e+02,7.21130000e+01
"1995M11",1.17800000e+01,5.69000000e+00,5.36000000e+00,1.60300000e+02,1.60300000e+02,7.21110000e+01
"1995M12",1.18100000e+01,5.51000000e+00,5.14000000e+00,1.60200000e+02,1.60500000e+02,7.22490000e+01
"1996M01",1.18600000e+01,5.36000000e+00,5.00000000e+00,1.61000000e+02,1.61000000e+02,7.24100000e+01
"1996M02",1.18700000e+01,5.38000000e+00,4.83000000e+00,1.61600000e+02,1.61400000e+02,7.25240000e+01
"1996M03",1.18900000e+01,5.97000000e+00,4.96000000e+00,1.62300000e+02,1.61900000e+02,7.27430000e+01
"1996M04",1.19500000e+01,6.30000000e+00,4.95000000e+00,1.62500000e+02,1.62100000e+02,7.29610000e+01
"1996M05",1.19700000e+01,6.48000000e+00,5.02000000e+00,1.62500000e+02,1.62400000e+02,7.30870000e+01
"1996M06",1.20300000e+01,6.69000000e+00,5.09000000e+00,1.62700000e+02,1.62900000e+02,7.30860000e+01
"1996M07",1.20500000e+01,6.64000000e+00,5.15000000e+00,1.63100000e+02,1.63300000e+02,7.32410000e+01
"1996M08",1.20900000e+01,6.39000000e+00,5.05000000e+00,1.63400000e+02,1.63600000e+02,7.33100000e+01
"1996M09",1.21300000e+01,6.60000000e+00,5.09000000e+00,1.64000000e+02,1.64100000e+02,7.35170000e+01
"1996M10",1.21500000e+01,6.27000000e+00,4.99000000e+00,1.64700000e+02,1.64500000e+02,7.37400000e+01
"1996M11",1.22000000e+01,5.97000000e+00,5.03000000e+00,1.64900000e+02,1.65000000e+02,7.38710000e+01
"1996M12",1.22400000e+01,6.07000000e+00,4.91000000e+00,1.64800000e+02,1.65200000e+02,7.39560000e+01
"1997M01",1.22900000e+01,6.33000000e+00,5.03000000e+00,1.65300000e+02,1.65400000e+02,7.40520000e+01
"1997M02",1.23100000e+01,6.20000000e+00,5.01000000e+00,1.65900000e+02,1.65800000e+02,7.42080000e+01
"1997M03",1.23600000e+01,6.54000000e+00,5.14000000e+00,1.66500000e+02,1.66100000e+02,7.42860000e+01
"1997M04",1.23900000e+01,6.76000000e+00,5.16000000e+00,1.66800000e+02,1.66400000e+02,7.43590000e+01
"1997M05",1.24300000e+01,6.57000000e+00,5.05000000e+00,1.66800000e+02,1.66700000e+02,7.43240000e+01
"1997M06",1.24600000e+01,6.38000000e+00,4.93000000e+00,1.66700000e+02,1.66900000e+02,7.44200000e+01
"1997M07",1.25000000e+01,6.12000000e+00,5.05000000e+00,1.67000000e+02,1.67200000e+02,7.44640000e+01
"1997M08",1.25700000e+01,6.16000000e+00,5.14000000e+00,1.67300000e+02,1.67400000e+02,7.45240000e+01
"1997M09",1.26000000e+01,6.11000000e+00,4.95000000e+00,1.67600000e+02,1.67700000e+02,7.47040000e+01
"1997M10",1.26600000e+01,5.93000000e+00,4.97000000e+00,1.68300000e+02,1.68100000e+02,7.48010000e+01
"1997M11",1.27100000e+01,5.80000000e+00,5.14000000e+00,1.68300000e+02,1.68400000e+02,7.48040000e+01
"1997M12",1.27500000e+01,5.77000000e+00,5.16000000e+00,1.68300000e+02,1.68700000e+02,7.47880000e+01
"1998M01",1.27900000e+01,5.42000000e+00,5.04000000e+00,1.69000000e+02,1.69200000e+02,7.48250000e+01
"1998M02",1.28300000e+01,5.49000000e+00,5.09000000e+00,1.69600000e+02,1.69400000e+02,7.47870000e+01
"1998M03",1.28700000e+01,5.61000000e+00,5.03000000e+00,1.70100000e+02,1.69700000e+02,7.47990000e+01
"1998M04",1.29200000e+01,5.61000000e+00,4.95000000e+00,1.70400000e+02,1.70000000e+02,7.48910000e+01
"1998M05",1.29700000e+01,5.63000000e+00,5.00000000e+00,1.70500000e+02,1.70400000e+02,7.49940000e+01
"1998M06",1.29900000e+01,5.52000000e+00,4.98000000e+00,1.70500000e+02,1.70600000e+02,7.49310000e+01
"1998M07",1.30100000e+01,5.46000000e+00,4.96000000e+00,1.70800000e+02,1.71000000e+02,7.51160000e+01
"1998M08",1.30700000e+01,5.27000000e+00,4.90000000e+00,1.71200000e+02,1.71400000e+02,7.52200000e+01
"1998M09",1.31100000e+01,4.62000000e+00,4.61000000e+00,1.71600000e+02,1.71600000e+02,7.51760000e+01
"1998M10",1.31500000e+01,4.18000000e+00,3.96000000e+00,1.72200000e+02,1.72000000e+02,7.53410000e+01
"1998M11",1.31700000e+01,4.54000000e+00,4.41000000e+00,1.72300000e+02,1.72300000e+02,7.53450000e+01
"1998M12",1.32100000e+01,4.45000000e+00,4.39000000e+00,1.72300000e+02,1.72800000e+02,7.54200000e+01
"1999M01",1.32700000e+01,4.60000000e+00,4.34000000e+00,1.72900000e+02,1.73100000e+02,7.55270000e+01
"1999M02",1.33000000e+01,4.91000000e+00,4.44000000e+00,1.73200000e+02,1.73200000e+02,7.54840000e+01
"1999M03",1.33300000e+01,5.14000000e+00,4.44000000e+00,1.73700000e+02,1.73200000e+02,7.55410000e+01
"1999M04",1.33800000e+01,5.08000000e+00,4.29000000e+00,1.74200000e+02,1.73800000e+02,7.59060000e+01
"1999M05",1.34200000e+01,5.44000000e+00,4.50000000e+00,1.74100000e+02,1.74000000e+02,7.59550000e+01
"1999M06",1.34700000e+01,5.81000000e+00,4.57000000e+00,1.74000000e+02,1.74100000e+02,7.59790000e+01
"1999M07",1.35100000e+01,5.68000000e+00,4.55000000e+00,1.74300000e+02,1.74500000e+02,7.61810000e+01
"1999M08",1.35300000e+01,5.84000000e+00,4.72000000e+00,1.74500000e+02,1.74700000e+02,7.63190000e+01
"1999M09",1.36100000e+01,5.80000000e+00,4.68000000e+00,1.75100000e+02,1.75200000e+02,7.65930000e+01
"1999M10",1.36400000e+01,6.03000000e+00,4.86000000e+00,1.75700000e+02,1.75500000e+02,7.67230000e+01
"1999M11",1.36600000e+01,5.97000000e+00,5.07000000e+00,1.75800000e+02,1.75800000e+02,7.67920000e+01
"1999M12",1.37000000e+01,6.19000000e+00,5.20000000e+00,1.75700000e+02,1.76100000e+02,7.69700000e+01
"2000M01",1.37500000e+01,6.58000000e+00,5.32000000e+00,1.76300000e+02,1.76600000e+02,7.71800000e+01
"2000M02",1.38000000e+01,6.68000000e+00,5.55000000e+00,1.76900000e+02,1.76800000e+02,7.74220000e+01
"2000M03",1.38500000e+01,6.50000000e+00,5.69000000e+00,1.77800000e+02,1.77300000e+02,7.77550000e+01
"2000M04",1.38900000e+01,6.26000000e+00,5.66000000e+00,1.78100000e+02,1.77600000e+02,7.76900000e+01
"2000M05",1.39400000e+01,6.69000000e+00,5.79000000e+00,1.78200000e+02,1.78100000e+02,7.77550000e+01
"2000M06",1.39900000e+01,6.30000000e+00,5.69000000e+00,1.78300000e+02,1.78400000e+02,7.80190000e+01
"2000M07",1.40200000e+01,6.18000000e+00,5.96000000e+00,1.78700000e+02,1.78900000e+02,7.82140000e+01
"2000M08",1.40600000e+01,6.06000000e+00,6.09000000e+00,1.79100000e+02,1.79300000e+02,7.82090000e+01
"2000M09",1.41200000e+01,5.93000000e+00,6.00000000e+00,1.79600000e+02,1.79700000e+02,7.85450000e+01
"2000M10",1.41700000e+01,5.78000000e+00,6.11000000e+00,1.80100000e+02,1.79900000e+02,7.86520000e+01
"2000M11",1.42300000e+01,5.70000000e+00,6.17000000e+00,1.80300000e+02,1.80300000e+02,7.87620000e+01
"2000M12",1.42800000e+01,5.17000000e+00,5.77000000e+00,1.80200000e+02,1.80700000e+02,7.88830000e+01
"2001M01",1.42900000e+01,4.86000000e+00,5.15000000e+00,1.81000000e+02,1.81200000e+02,7.92650000e+01
"2001M02",1.43600000e+01,4.89000000e+00,4.88000000e+00,1.81800000e+02,1.81800000e+02,7.93880000e+01
"2001M03",1.44200000e+01,4.64000000e+00,4.42000000e+00,1.82600000e+02,1.82200000e+02,7.93950000e+01
"2001M04",1.44500000e+01,4.76000000e+00,3.87000000e+00,1.82900000e+02,1.82500000e+02,7.95340000e+01
"2001M05",1.45000000e+01,4.93000000e+00,3.62000000e+00,1.82900000e+02,1.82800000e+02,7.97430000e+01
"2001M06",1.45400000e+01,4.81000000e+00,3.49000000e+00,1.83300000e+02,1.83400000e+02,7.98850000e+01
"2001M07",1.45500000e+01,4.76000000e+00,3.51000000e+00,1.83600000e+02,1.83900000e+02,7.98580000e+01
"2001M08",1.45900000e+01,4.57000000e+00,3.36000000e+00,1.84100000e+02,1.84200000e+02,7.98480000e+01
"2001M09",1.46300000e+01,4.12000000e+00,2.64000000e+00,1.84500000e+02,1.84500000e+02,7.95770000e+01
"2001M10",1.46600000e+01,3.91000000e+00,2.16000000e+00,1.85100000e+02,1.84900000e+02,7.98570000e+01
"2001M11",1.47100000e+01,3.97000000e+00,1.87000000e+00,1.85400000e+02,1.85500000e+02,7.98030000e+01
"2001M12",1.47500000e+01,4.39000000e+00,1.69000000e+00,1.85200000e+02,1.85700000e+02,7.97210000e+01
"2002M01",1.47600000e+01,4.34000000e+00,1.65000000e+00,1.85700000e+02,1.86000000e+02,7.97930000e+01
"2002M02",1.47800000e+01,4.30000000e+00,1.72000000e+00,1.86500000e+02,1.86400000e+02,7.99260000e+01
"2002M03",1.48200000e+01,4.74000000e+00,1.79000000e+00,1.87100000e+02,1.86600000e+02,8.01440000e+01
"2002M04",1.48400000e+01,4.65000000e+00,1.71000000e+00,1.87500000e+02,1.87000000e+02,8.04790000e+01
"2002M05",1.48800000e+01,4.49000000e+00,1.73000000e+00,1.87400000e+02,1.87200000e+02,8.05310000e+01
"2002M06",1.49400000e+01,4.19000000e+00,1.70000000e+00,1.87300000e+02,1.87400000e+02,8.06320000e+01
"2002M07",1.49800000e+01,3.81000000e+00,1.68000000e+00,1.87500000e+02,1.87700000e+02,8.08100000e+01
"2002M08",1.50200000e+01,3.29000000e+00,1.62000000e+00,1.88100000e+02,1.88200000e+02,8.09690000e+01
"2002M09",1.50600000e+01,2.94000000e+00,1.63000000e+00,1.88400000e+02,1.88400000e+02,8.11150000e+01
"2002M10",1.51200000e+01,2.95000000e+00,1.58000000e+00,1.88800000e+02,1.88500000e+02,8.12620000e+01
"2002M11",1.51500000e+01,3.05000000e+00,1.23000000e+00,1.88900000e+02,1.88900000e+02,8.13430000e+01
"2002M12",1.52000000e+01,3.03000000e+00,1.19000000e+00,1.88600000e+02,1.89200000e+02,8.14210000e+01
"2003M01",1.52200000e+01,3.05000000e+00,1.17000000e+00,1.89000000e+02,1.89400000e+02,8.16640000e+01
"2003M02",1.52800000e+01,2.90000000e+00,1.17000000e+00,1.89700000e+02,1.89600000e+02,8.20090000e+01
"2003M03",1.52700000e+01,2.78000000e+00,1.13000000e+00,1.90200000e+02,1.89700000e+02,8.22190000e+01
"2003M04",1.52800000e+01,2.93000000e+00,1.13000000e+00,1.90200000e+02,1.89700000e+02,8.20800000e+01
"2003M05",1.53300000e+01,2.52000000e+00,1.07000000e+00,1.90300000e+02,1.90100000e+02,8.19860000e+01
"2003M06",1.53600000e+01,2.27000000e+00,9.20000000e-01,1.90300000e+02,1.90400000e+02,8.20740000e+01
"2003M07",1.54000000e+01,2.87000000e+00,9.00000000e-01,1.90500000e+02,1.90700000e+02,8.23150000e+01
"2003M08",1.54200000e+01,3.37000000e+00,9.50000000e-01,1.90800000e+02,1.91000000e+02,8.25930000e+01
"2003M09",1.54100000e+01,3.18000000e+00,9.40000000e-01,1.91000000e+02,1.91100000e+02,8.28520000e+01
"2003M10",1.54300000e+01,3.19000000e+00,9.20000000e-01,1.91700000e+02,1.91500000e+02,8.28620000e+01
"2003M11",1.54700000e+01,3.29000000e+00,9.30000000e-01,1.91600000e+02,1.91700000e+02,8.29670000e+01
"2003M12",1.54700000e+01,3.27000000e+00,9.00000000e-01,1.91500000e+02,1.92000000e+02,8.31500000e+01
"2004M01",1.55100000e+01,3.12000000e+00,8.80000000e-01,1.91900000e+02,1.92300000e+02,8.34710000e+01
"2004M02",1.55300000e+01,3.07000000e+00,9.30000000e-01,1.92700000e+02,1.92600000e+02,8.36490000e+01
"2004M03",1.55600000e+01,2.79000000e+00,9.40000000e-01,1.93700000e+02,1.93200000e+02,8.37780000e+01
"2004M04",1.55900000e+01,3.39000000e+00,9.40000000e-01,1.94100000e+02,1.93600000e+02,8.39340000e+01
"2004M05",1.56300000e+01,3.85000000e+00,1.02000000e+00,1.94300000e+02,1.94100000e+02,8.42060000e+01
"2004M06",1.56700000e+01,3.93000000e+00,1.27000000e+00,1.94400000e+02,1.94400000e+02,8.44470000e+01
"2004M07",1.56900000e+01,3.69000000e+00,1.33000000e+00,1.94500000e+02,1.94700000e+02,8.45250000e+01
"2004M08",1.57300000e+01,3.47000000e+00,1.48000000e+00,1.94700000e+02,1.94800000e+02,8.45690000e+01
"2004M09",1.57800000e+01,3.36000000e+00,1.65000000e+00,1.95200000e+02,1.95200000e+02,8.47350000e+01
"2004M10",1.58100000e+01,3.35000000e+00,1.76000000e+00,1.96000000e+02,1.95800000e+02,8.50990000e+01
"2004M11",1.58400000e+01,3.53000000e+00,2.07000000e+00,1.96000000e+02,1.96200000e+02,8.54270000e+01
"2004M12",1.58600000e+01,3.60000000e+00,2.19000000e+00,1.95800000e+02,1.96400000e+02,8.54730000e+01
"2005M01",1.59000000e+01,3.71000000e+00,2.33000000e+00,1.96400000e+02,1.96800000e+02,8.55850000e+01
"2005M02",1.59300000e+01,3.77000000e+00,2.54000000e+00,1.97300000e+02,1.97200000e+02,8.58230000e+01
"2005M03",1.59700000e+01,4.17000000e+00,2.74000000e+00,1.98300000e+02,1.97800000e+02,8.60800000e+01
"2005M04",1.60000000e+01,4.00000000e+00,2.78000000e+00,1.98600000e+02,1.98100000e+02,8.63210000e+01
"2005M05",1.60400000e+01,3.85000000e+00,2.84000000e+00,1.98600000e+02,1.98400000e+02,8.63700000e+01
"2005M06",1.60800000e+01,3.77000000e+00,2.97000000e+00,1.98500000e+02,1.98500000e+02,8.64230000e+01
"2005M07",1.61500000e+01,3.98000000e+00,3.22000000e+00,1.98700000e+02,1.98800000e+02,8.67900000e+01
"2005M08",1.61700000e+01,4.12000000e+00,3.44000000e+00,1.98900000e+02,1.99000000e+02,8.71400000e+01
"2005M09",1.61900000e+01,4.01000000e+00,3.42000000e+00,1.99200000e+02,1.99200000e+02,8.79810000e+01
"2005M10",1.62800000e+01,4.33000000e+00,3.71000000e+00,2.00100000e+02,1.99800000e+02,8.81210000e+01
"2005M11",1.63000000e+01,4.45000000e+00,3.88000000e+00,2.00200000e+02,2.00400000e+02,8.79380000e+01
"2005M12",1.63500000e+01,4.39000000e+00,3.89000000e+00,2.00100000e+02,2.00700000e+02,8.79380000e+01
"2006M01",1.64200000e+01,4.35000000e+00,4.24000000e+00,2.00800000e+02,2.01200000e+02,8.83640000e+01
"2006M02",1.64800000e+01,4.57000000e+00,4.43000000e+00,2.01600000e+02,2.01500000e+02,8.84170000e+01
"2006M03",1.65400000e+01,4.72000000e+00,4.51000000e+00,2.02600000e+02,2.02100000e+02,8.85880000e+01
"2006M04",1.66300000e+01,4.90000000e+00,4.60000000e+00,2.03000000e+02,2.02500000e+02,8.89990000e+01
"2006M05",1.66500000e+01,5.00000000e+00,4.72000000e+00,2.03300000e+02,2.03100000e+02,8.92390000e+01
"2006M06",1.67200000e+01,5.07000000e+00,4.79000000e+00,2.03600000e+02,2.03600000e+02,8.94590000e+01
"2006M07",1.67700000e+01,5.04000000e+00,4.95000000e+00,2.03900000e+02,2.04000000e+02,8.97650000e+01
"2006M08",1.68200000e+01,4.82000000e+00,4.96000000e+00,2.04400000e+02,2.04500000e+02,9.00470000e+01
"2006M09",1.68700000e+01,4.67000000e+00,4.81000000e+00,2.04900000e+02,2.04900000e+02,8.98120000e+01
"2006M10",1.69300000e+01,4.69000000e+00,4.92000000e+00,2.05600000e+02,2.05400000e+02,8.95990000e+01
"2006M11",1.69700000e+01,4.58000000e+00,4.94000000e+00,2.05300000e+02,2.05500000e+02,8.96300000e+01
"2006M12",1.70400000e+01,4.53000000e+00,4.85000000e+00,2.05100000e+02,2.05800000e+02,8.99490000e+01
"2007M01",1.70900000e+01,4.75000000e+00,4.98000000e+00,2.05993000e+02,2.06420000e+02,9.02490000e+01
"2007M02",1.71500000e+01,4.71000000e+00,5.03000000e+00,2.07106000e+02,2.07084000e+02,9.05290000e+01
"2007M03",1.72200000e+01,4.48000000e+00,4.94000000e+00,2.07850000e+02,2.07432000e+02,9.08610000e+01
"2007M04",1.72700000e+01,4.59000000e+00,4.87000000e+00,2.08243000e+02,2.07790000e+02,9.10740000e+01
"2007M05",1.73300000e+01,4.67000000e+00,4.73000000e+00,2.08400000e+02,2.08175000e+02,9.13390000e+01
"2007M06",1.74200000e+01,5.03000000e+00,4.61000000e+00,2.08636000e+02,2.08585000e+02,9.15320000e+01
"2007M07",1.74600000e+01,4.88000000e+00,4.82000000e+00,2.08980000e+02,2.09012000e+02,9.16720000e+01
"2007M08",1.75000000e+01,4.43000000e+00,4.20000000e+00,2.09399000e+02,2.09425000e+02,9.17340000e+01
"2007M09",1.75600000e+01,4.20000000e+00,3.89000000e+00,2.10000000e+02,2.09947000e+02,9.20880000e+01
"2007M10",1.75800000e+01,4.20000000e+00,3.90000000e+00,2.10714000e+02,2.10489000e+02,9.23670000e+01
"2007M11",1.76300000e+01,3.67000000e+00,3.27000000e+00,2.10888000e+02,2.11111000e+02,9.28560000e+01
"2007M12",1.76900000e+01,3.49000000e+00,3.00000000e+00,2.10890000e+02,2.11598000e+02,9.30720000e+01
"2008M01",1.77300000e+01,2.98000000e+00,2.75000000e+00,2.11846000e+02,2.12302000e+02,9.33070000e+01
"2008M02",1.78000000e+01,2.78000000e+00,2.12000000e+00,2.12545000e+02,2.12564000e+02,9.34920000e+01
"2008M03",1.78800000e+01,2.48000000e+00,1.26000000e+00,2.13420000e+02,2.13034000e+02,9.37600000e+01
"2008M04",1.79200000e+01,2.84000000e+00,1.29000000e+00,2.13851000e+02,2.13434000e+02,9.39340000e+01
"2008M05",1.79800000e+01,3.15000000e+00,1.73000000e+00,2.14101000e+02,2.13890000e+02,9.43370000e+01
"2008M06",1.80300000e+01,3.49000000e+00,1.86000000e+00,2.14600000e+02,2.14506000e+02,9.50210000e+01
"2008M07",1.81000000e+01,3.30000000e+00,1.63000000e+00,2.15335000e+02,2.15289000e+02,9.54630000e+01
"2008M08",1.81800000e+01,3.14000000e+00,1.72000000e+00,2.15873000e+02,2.15820000e+02,9.53860000e+01
"2008M09",1.82000000e+01,2.88000000e+00,1.13000000e+00,2.16397000e+02,2.16283000e+02,9.54650000e+01
"2008M10",1.82500000e+01,2.73000000e+00,6.70000000e-01,2.16695000e+02,2.16486000e+02,9.48350000e+01
"2008M11",1.83100000e+01,2.29000000e+00,1.90000000e-01,2.16417000e+02,2.16683000e+02,9.37160000e+01
"2008M12",1.83800000e+01,1.52000000e+00,3.00000000e-02,2.15930000e+02,2.16665000e+02,9.31920000e+01
"2009M01",1.84000000e+01,1.60000000e+00,1.30000000e-01,2.16586000e+02,2.17044000e+02,9.32030000e+01
"2009M02",1.84400000e+01,1.87000000e+00,3.00000000e-01,2.17325000e+02,2.17375000e+02,9.33690000e+01
"2009M03",1.85000000e+01,1.82000000e+00,2.10000000e-01,2.18033000e+02,2.17694000e+02,9.32670000e+01
"2009M04",1.85200000e+01,1.86000000e+00,1.60000000e-01,2.18388000e+02,2.18022000e+02,9.34010000e+01
"2009M05",1.85300000e+01,2.13000000e+00,1.80000000e-01,2.18323000e+02,2.18133000e+02,9.34980000e+01
"2009M06",1.85600000e+01,2.71000000e+00,1.80000000e-01,2.18440000e+02,2.18308000e+02,9.40530000e+01
"2009M07",1.85900000e+01,2.46000000e+00,1.80000000e-01,2.18421000e+02,2.18367000e+02,9.40630000e+01
"2009M08",1.86700000e+01,2.57000000e+00,1.70000000e-01,2.18642000e+02,2.18562000e+02,9.43360000e+01
"2009M09",1.87000000e+01,2.37000000e+00,1.20000000e-01,2.19076000e+02,2.18901000e+02,9.44890000e+01
"2009M10",1.87400000e+01,2.33000000e+00,7.00000000e-02,2.19624000e+02,2.19419000e+02,9.48470000e+01
"2009M11",1.88000000e+01,2.23000000e+00,5.00000000e-02,2.19291000e+02,2.19578000e+02,9.50840000e+01
"2009M12",1.88300000e+01,2.34000000e+00,5.00000000e-02,2.19048000e+02,2.19809000e+02,9.51400000e+01
"2010M01",1.88800000e+01,2.48000000e+00,6.00000000e-02,2.19287000e+02,2.19691000e+02,9.53480000e+01
"2010M02",1.89100000e+01,2.36000000e+00,1.10000000e-01,2.19708000e+02,2.19784000e+02,9.53450000e+01
"2010M03",1.89100000e+01,2.43000000e+00,1.50000000e-01,2.20133000e+02,2.19894000e+02,9.54800000e+01
"2010M04",1.89600000e+01,2.58000000e+00,1.60000000e-01,2.20252000e+02,2.19959000e+02,9.55320000e+01
"2010M05",1.90100000e+01,2.18000000e+00,1.60000000e-01,2.20298000e+02,2.20097000e+02,9.55620000e+01
"2010M06",1.90200000e+01,2.00000000e+00,1.20000000e-01,2.20336000e+02,2.20286000e+02,9.55220000e+01
"2010M07",1.90400000e+01,1.76000000e+00,1.60000000e-01,2.20316000e+02,2.20421000e+02,9.56040000e+01
"2010M08",1.91100000e+01,1.47000000e+00,1.60000000e-01,2.20619000e+02,2.20582000e+02,9.57350000e+01
"2010M09",1.91100000e+01,1.41000000e+00,1.50000000e-01,2.21030000e+02,2.20864000e+02,9.58300000e+01
"2010M10",1.92000000e+01,1.18000000e+00,1.30000000e-01,2.21236000e+02,2.21011000e+02,9.61350000e+01
"2010M11",1.92100000e+01,1.35000000e+00,1.40000000e-01,2.21235000e+02,2.21345000e+02,9.63270000e+01
"2010M12",1.92200000e+01,1.93000000e+00,1.40000000e-01,2.21045000e+02,2.21550000e+02,9.65450000e+01
"2011M01",1.93200000e+01,1.99000000e+00,1.50000000e-01,2.21666000e+02,2.22128000e+02,9.68350000e+01
"2011M02",1.93100000e+01,2.26000000e+00,1.30000000e-01,2.22506000e+02,2.22632000e+02,9.71050000e+01
"2011M03",1.93100000e+01,2.11000000e+00,1.00000000e-01,2.23315000e+02,2.23094000e+02,9.74960000e+01
"2011M04",1.93600000e+01,2.17000000e+00,6.00000000e-02,2.23798000e+02,2.23455000e+02,9.79080000e+01
"2011M05",1.94100000e+01,1.84000000e+00,4.00000000e-02,2.24275000e+02,2.23965000e+02,9.82060000e+01
"2011M06",1.94100000e+01,1.58000000e+00,4.00000000e-02,2.24635000e+02,2.24494000e+02,9.81860000e+01
"2011M07",1.94700000e+01,1.54000000e+00,4.00000000e-02,2.25010000e+02,2.25080000e+02,9.83530000e+01
"2011M08",1.94700000e+01,1.02000000e+00,2.00000000e-02,2.25797000e+02,2.25799000e+02,9.85840000e+01
"2011M09",1.94800000e+01,9.00000000e-01,1.00000000e-02,2.26303000e+02,2.26175000e+02,9.87230000e+01
"2011M10",1.95600000e+01,1.06000000e+00,2.00000000e-02,2.26754000e+02,2.26536000e+02,9.87250000e+01
"2011M11",1.95600000e+01,9.10000000e-01,1.00000000e-02,2.26818000e+02,2.26901000e+02,9.89280000e+01
"2011M12",1.95600000e+01,8.90000000e-01,1.00000000e-02,2.26795000e+02,2.27396000e+02,9.89840000e+01
"2012M01",1.95900000e+01,8.40000000e-01,3.00000000e-02,2.27422000e+02,2.27893000e+02,9.93230000e+01
"2012M02",1.95900000e+01,8.30000000e-01,9.00000000e-02,2.27925000e+02,2.28015000e+02,9.95450000e+01
"2012M03",1.96400000e+01,1.02000000e+00,8.00000000e-02,2.28705000e+02,2.28458000e+02,9.97350000e+01
"2012M04",1.96800000e+01,8.90000000e-01,8.00000000e-02,2.29252000e+02,2.28888000e+02,9.98660000e+01
"2012M05",1.96800000e+01,7.60000000e-01,9.00000000e-02,2.29520000e+02,2.29183000e+02,9.97540000e+01
"2012M06",1.97200000e+01,7.10000000e-01,9.00000000e-02,2.29788000e+02,2.29592000e+02,9.97040000e+01
"2012M07",1.97400000e+01,6.20000000e-01,1.00000000e-01,2.29811000e+02,2.29909000e+02,9.97400000e+01
"2012M08",1.97400000e+01,7.10000000e-01,1.00000000e-01,2.30148000e+02,2.30192000e+02,1.00075000e+02
"2012M09",1.97800000e+01,6.70000000e-01,1.10000000e-01,2.30661000e+02,2.30575000e+02,1.00379000e+02
"2012M10",1.97900000e+01,7.10000000e-01,1.00000000e-01,2.31169000e+02,2.30951000e+02,1.00677000e+02
"2012M11",1.98400000e+01,6.70000000e-01,9.00000000e-02,2.31160000e+02,2.31272000e+02,1.00609000e+02
"2012M12",1.99000000e+01,7.00000000e-01,7.00000000e-02,2.31043000e+02,2.31671000e+02,1.00593000e+02
"2013M01",1.99400000e+01,8.10000000e-01,7.00000000e-02,2.31679000e+02,2.32147000e+02,1.00787000e+02
"2013M02",1.99900000e+01,8.50000000e-01,1.00000000e-01,2.32363000e+02,2.32430000e+02,1.01156000e+02
"2013M03",2.00100000e+01,8.20000000e-01,9.00000000e-02,2.32889000e+02,2.32654000e+02,1.01023000e+02
"2013M04",2.00400000e+01,7.10000000e-01,6.00000000e-02,2.33123000e+02,2.32755000e+02,1.00944000e+02
"2013M05",2.00500000e+01,8.40000000e-01,4.00000000e-02,2.33264000e+02,2.32862000e+02,1.01010000e+02
"2013M06",2.01200000e+01,1.20000000e+00,5.00000000e-02,2.33456000e+02,2.33241000e+02,1.01228000e+02
"2013M07",2.01400000e+01,1.40000000e+00,4.00000000e-02,2.33616000e+02,2.33719000e+02,1.01354000e+02
"2013M08",2.01700000e+01,1.52000000e+00,4.00000000e-02,2.34071000e+02,2.34144000e+02,1.01510000e+02
"2013M09",2.02300000e+01,1.60000000e+00,2.00000000e-02,2.34530000e+02,2.34461000e+02,1.01550000e+02
"2013M10",2.02500000e+01,1.37000000e+00,5.00000000e-02,2.34905000e+02,2.34683000e+02,1.01722000e+02
"2013M11",2.03100000e+01,1.37000000e+00,7.00000000e-02,2.34937000e+02,2.35082000e+02,1.01881000e+02
"2013M12",2.03400000e+01,1.58000000e+00,7.00000000e-02,2.34768000e+02,2.35456000e+02,1.02084000e+02
"2014M01",2.03900000e+01,1.65000000e+00,4.00000000e-02,2.35230000e+02,2.35675000e+02,1.02278000e+02
"2014M02",2.05000000e+01,1.52000000e+00,5.00000000e-02,2.35940000e+02,2.36003000e+02,1.02338000e+02
"2014M03",2.05000000e+01,1.64000000e+00,5.00000000e-02,2.36768000e+02,2.36532000e+02,1.02543000e+02
"2014M04",2.05200000e+01,1.70000000e+00,3.00000000e-02,2.37414000e+02,2.37030000e+02,1.02742000e+02
"2014M05",2.05400000e+01,1.59000000e+00,3.00000000e-02,2.38006000e+02,2.37593000e+02,1.02919000e+02
"2014M06",2.05700000e+01,1.68000000e+00,4.00000000e-02,2.38112000e+02,2.37889000e+02,1.03035000e+02
"2014M07",2.06100000e+01,1.70000000e+00,3.00000000e-02,2.38203000e+02,2.38282000e+02,1.03190000e+02
"2014M08",2.06700000e+01,1.63000000e+00,3.00000000e-02,2.38454000e+02,2.38543000e+02,1.03177000e+02
"2014M09",2.06700000e+01,1.77000000e+00,2.00000000e-02,2.39038000e+02,2.38969000e+02,1.03203000e+02
"2014M10",2.07000000e+01,1.55000000e+00,2.00000000e-02,2.39603000e+02,2.39370000e+02,1.03177000e+02
"2014M11",2.07600000e+01,1.62000000e+00,2.00000000e-02,2.39467000e+02,2.39676000e+02,1.03098000e+02
"2014M12",2.07000000e+01,1.64000000e+00,3.00000000e-02,2.39186000e+02,2.39909000e+02,1.02940000e+02
"2015M01",2.08000000e+01,1.37000000e+00,3.00000000e-02,2.39670000e+02,2.40095000e+02,1.02465000e+02
"2015M02",2.08000000e+01,1.47000000e+00,2.00000000e-02,2.40398000e+02,2.40446000e+02,1.02634000e+02
"2015M03",2.08800000e+01,1.52000000e+00,3.00000000e-02,2.41135000e+02,2.40876000e+02,1.02831000e+02
"2015M04",2.09100000e+01,1.35000000e+00,2.00000000e-02,2.41769000e+02,2.41365000e+02,1.02910000e+02
"2015M05",2.09900000e+01,1.54000000e+00,2.00000000e-02,2.42047000e+02,2.41691000e+02,1.03156000e+02
"2015M06",2.10100000e+01,1.68000000e+00,2.00000000e-02,2.42321000e+02,2.42114000e+02,1.03356000e+02
"2015M07",2.10300000e+01,1.63000000e+00,3.00000000e-02,2.42439000e+02,2.42571000e+02,1.03441000e+02
"2015M08",2.10800000e+01,1.54000000e+00,7.00000000e-02,2.42722000e+02,2.42873000e+02,1.03442000e+02
"2015M09",2.11100000e+01,1.49000000e+00,2.00000000e-02,2.43466000e+02,2.43409000e+02,1.03289000e+02
"2015M10",2.11900000e+01,1.39000000e+00,2.00000000e-02,2.44059000e+02,2.43830000e+02,1.03274000e+02
"2015M11",2.12000000e+01,1.67000000e+00,1.20000000e-01,2.44023000e+02,2.44196000e+02,1.03337000e+02
"2015M12",2.12400000e+01,1.70000000e+00,2.30000000e-01,2.43711000e+02,2.44407000e+02,1.03253000e+02
"2016M01",2.13100000e+01,1.52000000e+00,2.60000000e-01,2.44455000e+02,2.44777000e+02,1.03306000e+02
"2016M02",2.13400000e+01,1.22000000e+00,3.10000000e-01,2.45459000e+02,2.45286000e+02,1.03242000e+02
"2016M03",2.14000000e+01,1.38000000e+00,2.90000000e-01,2.45913000e+02,2.45542000e+02,1.03481000e+02
"2016M04",2.14600000e+01,1.26000000e+00,2.30000000e-01,2.46515000e+02,2.46115000e+02,1.03823000e+02
"2016M05",2.14700000e+01,1.30000000e+00,2.70000000e-01,2.46903000e+02,2.46557000e+02,1.03977000e+02
"2016M06",2.15300000e+01,1.17000000e+00,2.70000000e-01,2.47059000e+02,2.46873000e+02,1.04175000e+02
"2016M07",2.15800000e+01,1.07000000e+00,3.00000000e-01,2.47027000e+02,2.47115000e+02,1.04218000e+02
"2016M08",2.16000000e+01,1.13000000e+00,3.00000000e-01,2.47506000e+02,2.47632000e+02,1.04374000e+02
"2016M09",2.16400000e+01,1.18000000e+00,2.90000000e-01,2.47919000e+02,2.47992000e+02,1.04555000e+02
"2016M10",2.17100000e+01,1.27000000e+00,3.30000000e-01,2.48356000e+02,2.48253000e+02,1.04786000e+02
"2016M11",2.17200000e+01,1.60000000e+00,4.50000000e-01,2.48269000e+02,2.48531000e+02,1.04826000e+02
"2016M12",2.17700000e+01,1.96000000e+00,5.10000000e-01,2.48172000e+02,2.48901000e+02,1.05017000e+02
"2017M01",2.18100000e+01,1.92000000e+00,5.10000000e-01,2.49115000e+02,2.49416000e+02,1.05410000e+02
"2017M02",2.18700000e+01,1.90000000e+00,5.20000000e-01,2.50097000e+02,2.49966000e+02,1.05502000e+02
"2017M03",2.18800000e+01,2.01000000e+00,7.40000000e-01,2.50277000e+02,2.49995000e+02,1.05448000e+02
"2017M04",2.19300000e+01,1.82000000e+00,8.00000000e-01,2.50662000e+02,2.50287000e+02,1.05732000e+02
"2017M05",2.19600000e+01,1.84000000e+00,8.90000000e-01,2.50866000e+02,2.50516000e+02,1.05703000e+02
"2017M06",2.20200000e+01,1.77000000e+00,9.80000000e-01,2.50965000e+02,2.50754000e+02,1.05818000e+02
"2017M07",2.20700000e+01,1.87000000e+00,1.07000000e+00,2.50981000e+02,2.51018000e+02,1.05844000e+02
"2017M08",2.21000000e+01,1.78000000e+00,1.01000000e+00,2.51467000e+02,2.51527000e+02,1.06074000e+02
"2017M09",2.21800000e+01,1.80000000e+00,1.03000000e+00,2.51950000e+02,2.51816000e+02,1.06520000e+02
"2017M10",2.21700000e+01,1.98000000e+00,1.07000000e+00,2.52597000e+02,2.52455000e+02,1.06692000e+02
"2017M11",2.22300000e+01,2.05000000e+00,1.23000000e+00,2.52400000e+02,2.52723000e+02,1.06880000e+02
"2017M12",2.23000000e+01,2.18000000e+00,1.32000000e+00,2.52510000e+02,2.53249000e+02,1.06995000e+02
"2018M01",2.23900000e+01,2.38000000e+00,1.41000000e+00,2.53594000e+02,2.53948000e+02,1.07354000e+02
"2018M02",2.24200000e+01,2.60000000e+00,1.57000000e+00,2.54555000e+02,2.54370000e+02,1.07574000e+02
"2018M03",2.25000000e+01,2.63000000e+00,1.70000000e+00,2.55275000e+02,2.54870000e+02,1.07744000e+02
"2018M04",2.25300000e+01,2.70000000e+00,1.76000000e+00,2.55750000e+02,2.55362000e+02,1.08008000e+02
"2018M05",2.25900000e+01,2.82000000e+00,1.86000000e+00,2.56112000e+02,2.55829000e+02,1.08203000e+02
"2018M06",2.26600000e+01,2.78000000e+00,1.90000000e+00,2.56325000e+02,2.56121000e+02,1.08341000e+02
"2018M07",2.27000000e+01,2.78000000e+00,1.96000000e+00,2.56545000e+02,2.56518000e+02,1.08427000e+02
"2018M08",2.27800000e+01,2.77000000e+00,2.03000000e+00,2.56717000e+02,2.56725000e+02,1.08491000e+02
"2018M09",2.28500000e+01,2.89000000e+00,2.13000000e+00,2.57118000e+02,2.57167000e+02,1.08720000e+02
"2018M10",2.29000000e+01,3.00000000e+00,2.25000000e+00,2.57653000e+02,2.57557000e+02,1.08947000e+02
"2018M11",2.29900000e+01,2.95000000e+00,2.33000000e+00,2.57692000e+02,2.58044000e+02,1.09023000e+02
"2018M12",2.31000000e+01,2.68000000e+00,2.37000000e+00,2.57794000e+02,2.58586000e+02,1.08990000e+02
"2019M01",2.31400000e+01,2.54000000e+00,2.37000000e+00,2.58855000e+02,2.59201000e+02,1.08930000e+02
"2019M02",2.32200000e+01,2.49000000e+00,2.39000000e+00,2.59817000e+02,2.59623000e+02,1.09036000e+02
"2019M03",2.33100000e+01,2.37000000e+00,2.40000000e+00,2.60505000e+02,2.60122000e+02,1.09333000e+02
"2019M04",2.33200000e+01,2.33000000e+00,2.38000000e+00,2.60925000e+02,2.60573000e+02,1.09759000e+02
"2019M05",2.33900000e+01,2.19000000e+00,2.35000000e+00,2.61203000e+02,2.60959000e+02,1.09827000e+02
"2019M06",2.34600000e+01,1.83000000e+00,2.17000000e+00,2.61696000e+02,2.61496000e+02,1.09920000e+02
"2019M07",2.35400000e+01,1.83000000e+00,2.10000000e+00,2.62059000e+02,2.61975000e+02,1.10074000e+02
"2019M08",2.36200000e+01,1.49000000e+00,1.95000000e+00,2.62592000e+02,2.62550000e+02,1.10133000e+02
"2019M09",2.36800000e+01,1.57000000e+00,1.89000000e+00,2.62969000e+02,2.63017000e+02,1.10215000e+02
"2019M10",2.37500000e+01,1.53000000e+00,1.65000000e+00,2.63527000e+02,2.63455000e+02,1.10479000e+02
"2019M11",2.38100000e+01,1.64000000e+00,1.54000000e+00,2.63545000e+02,2.63909000e+02,1.10568000e+02
"2019M12",2.38400000e+01,1.68000000e+00,1.54000000e+00,2.63450000e+02,2.64202000e+02,1.10789000e+02
"2020M01",2.39100000e+01,1.56000000e+00,1.52000000e+00,2.64540000e+02,2.64897000e+02,1.11002000e+02
"2020M02",2.40300000e+01,1.32000000e+00,1.52000000e+00,2.65734000e+02,2.65583000e+02,1.11071000e+02
"2020M03",2.41900000e+01,5.90000000e-01,2.90000000e-01,2.65896000e+02,2.65564000e+02,1.10802000e+02
"2020M04",2.51200000e+01,3.90000000e-01,1.40000000e-01,2.65465000e+02,2.65158000e+02,1.10213000e+02
"2020M05",2.49800000e+01,3.40000000e-01,1.30000000e-01,2.65471000e+02,2.65291000e+02,1.10385000e+02
"2020M06",2.47900000e+01,3.40000000e-01,1.60000000e-01,2.66097000e+02,2.65898000e+02,1.10918000e+02
"2020M07",2.47000000e+01,2.80000000e-01,1.30000000e-01,2.67149000e+02,2.66990000e+02,1.11221000e+02
"2020M08",2.48100000e+01,2.70000000e-01,1.00000000e-01,2.68073000e+02,2.67976000e+02,1.11563000e+02
"2020M09",2.48000000e+01,2.70000000e-01,1.10000000e-01,2.68338000e+02,2.68416000e+02,1.11736000e+02
"2020M10",2.48400000e+01,3.40000000e-01,1.00000000e-01,2.68671000e+02,2.68633000e+02,1.11775000e+02
"2020M11",2.49200000e+01,3.90000000e-01,9.00000000e-02,2.68680000e+02,2.69045000e+02,1.11790000e+02
"2020M12",2.51800000e+01,3.90000000e-01,9.00000000e-02,2.68613000e+02,2.69323000e+02,1.12220000e+02
"2021M01",2.51800000e+01,4.50000000e-01,8.00000000e-02,2.69199000e+02,2.69518000e+02,1.12570000e+02
"2021M02",2.52600000e+01,5.40000000e-01,4.00000000e-02,2.70060000e+02,2.69922000e+02,1.12878000e+02
"2021M03",2.53500000e+01,8.20000000e-01,3.00000000e-02,2.70989000e+02,2.70686000e+02,1.13518000e+02
"2021M04",2.54900000e+01,8.60000000e-01,2.00000000e-02,2.73092000e+02,2.72798000e+02,1.14161000e+02
"2021M05",2.56700000e+01,8.20000000e-01,2.00000000e-02,2.74891000e+02,2.74722000e+02,1.14767000e+02
"2021M06",2.58100000e+01,8.40000000e-01,4.00000000e-02,2.77161000e+02,2.76889000e+02,1.15388000e+02
"2021M07",2.59600000e+01,7.60000000e-01,5.00000000e-02,2.78235000e+02,2.77899000e+02,1.15847000e+02
"2021M08",2.61000000e+01,7.70000000e-01,5.00000000e-02,2.78691000e+02,2.78496000e+02,1.16290000e+02
"2021M09",2.62600000e+01,8.60000000e-01,4.00000000e-02,2.79366000e+02,2.79472000e+02,1.16693000e+02
"2021M10",2.64200000e+01,1.11000000e+00,5.00000000e-02,2.81238000e+02,2.81269000e+02,1.17429000e+02
"2021M11",2.65500000e+01,1.20000000e+00,5.00000000e-02,2.82397000e+02,2.82838000e+02,1.18106000e+02
"2021M12",2.67400000e+01,1.23000000e+00,6.00000000e-02,2.83593000e+02,2.84395000e+02,1.18709000e+02
"2022M01",2.68700000e+01,1.54000000e+00,1.50000000e-01,2.85779000e+02,2.86176000e+02,1.19341000e+02
"2022M02",2.69500000e+01,1.81000000e+00,3.30000000e-01,2.87972000e+02,2.87835000e+02,1.19961000e+02
"2022M03",2.70200000e+01,2.11000000e+00,4.40000000e-01,2.89456000e+02,2.89046000e+02,1.21000000e+02
"2022M04",2.71200000e+01,2.78000000e+00,7.60000000e-01,2.91199000e+02,2.90818000e+02,NaN